id,year,phase,round,group,date,venue,home,away,hs,as,aet,hp,ap,notes,source
2005-F-01,2005,final,Group stage,A,2005-04-16,"Namhae Sports Park, Namhae",KOR,IDN,15,0,,,,,https://en.wikipedia.org/w/index.php?title=2005_AFC_U-17_Women%27s_Championship&oldid=1353122133
2005-F-02,2005,final,Group stage,A,2005-04-16,"Namhae Sports Park, Namhae",THA,IND,6,4,,,,,https://en.wikipedia.org/w/index.php?title=2005_AFC_U-17_Women%27s_Championship&oldid=1353122133
2005-F-03,2005,final,Group stage,B,2005-04-16,"Namhae Public Stadium, Namhae",HKG,JPN,0,22,,,,,https://en.wikipedia.org/w/index.php?title=2005_AFC_U-17_Women%27s_Championship&oldid=1353122133
2005-F-04,2005,final,Group stage,B,2005-04-16,"Namhae Public Stadium, Namhae",BAN,GUM,0,1,,,,,https://en.wikipedia.org/w/index.php?title=2005_AFC_U-17_Women%27s_Championship&oldid=1353122133
2005-F-05,2005,final,Group stage,C,2005-04-17,"Namhae Sports Park, Namhae",CHN,TPE,7,0,,,,,https://en.wikipedia.org/w/index.php?title=2005_AFC_U-17_Women%27s_Championship&oldid=1353122133
2005-F-06,2005,final,Group stage,A,2005-04-18,"Namhae Sports Park, Namhae",IND,KOR,0,7,,,,,https://en.wikipedia.org/w/index.php?title=2005_AFC_U-17_Women%27s_Championship&oldid=1353122133
2005-F-07,2005,final,Group stage,A,2005-04-18,"Namhae Sports Park, Namhae",IDN,THA,0,11,,,,,https://en.wikipedia.org/w/index.php?title=2005_AFC_U-17_Women%27s_Championship&oldid=1353122133
2005-F-08,2005,final,Group stage,B,2005-04-18,"Namhae Public Stadium, Namhae",JPN,BAN,24,0,,,,,https://en.wikipedia.org/w/index.php?title=2005_AFC_U-17_Women%27s_Championship&oldid=1353122133
2005-F-09,2005,final,Group stage,B,2005-04-18,"Namhae Public Stadium, Namhae",GUM,HKG,0,0,,,,,https://en.wikipedia.org/w/index.php?title=2005_AFC_U-17_Women%27s_Championship&oldid=1353122133
2005-F-10,2005,final,Group stage,C,2005-04-19,"Namhae Sports Park, Namhae",TPE,SIN,7,0,,,,,https://en.wikipedia.org/w/index.php?title=2005_AFC_U-17_Women%27s_Championship&oldid=1353122133
2005-F-11,2005,final,Group stage,A,2005-04-20,"Namhae Sports Park, Namhae",KOR,THA,3,2,,,,,https://en.wikipedia.org/w/index.php?title=2005_AFC_U-17_Women%27s_Championship&oldid=1353122133
2005-F-12,2005,final,Group stage,A,2005-04-20,"Namhae Sports Park, Namhae",IND,IDN,6,0,,,,,https://en.wikipedia.org/w/index.php?title=2005_AFC_U-17_Women%27s_Championship&oldid=1353122133
2005-F-13,2005,final,Group stage,B,2005-04-20,"Namhae Public Stadium, Namhae",GUM,JPN,0,18,,,,,https://en.wikipedia.org/w/index.php?title=2005_AFC_U-17_Women%27s_Championship&oldid=1353122133
2005-F-14,2005,final,Group stage,B,2005-04-20,"Namhae Public Stadium, Namhae",HKG,BAN,3,2,,,,,https://en.wikipedia.org/w/index.php?title=2005_AFC_U-17_Women%27s_Championship&oldid=1353122133
2005-F-15,2005,final,Group stage,C,2005-04-21,"Namhae Sports Park, Namhae",SIN,CHN,0,27,,,,,https://en.wikipedia.org/w/index.php?title=2005_AFC_U-17_Women%27s_Championship&oldid=1353122133
2005-F-16,2005,final,Semi-final,,2005-04-24,"Namhae Sports Park, Namhae",KOR,JPN,0,4,,,,,https://en.wikipedia.org/w/index.php?title=2005_AFC_U-17_Women%27s_Championship&oldid=1353122133
2005-F-17,2005,final,Semi-final,,2005-04-24,"Namhae Sports Park, Namhae",CHN,THA,6,0,,,,,https://en.wikipedia.org/w/index.php?title=2005_AFC_U-17_Women%27s_Championship&oldid=1353122133
2005-F-18,2005,final,Third place,,2005-04-27,"Namhae Sports Park, Namhae",KOR,THA,1,2,,,,,https://en.wikipedia.org/w/index.php?title=2005_AFC_U-17_Women%27s_Championship&oldid=1353122133
2005-F-19,2005,final,Final,,2005-04-27,"Namhae Sports Park, Namhae",JPN,CHN,1,1,1,3,1,,https://en.wikipedia.org/w/index.php?title=2005_AFC_U-17_Women%27s_Championship&oldid=1353122133
2007-F-01,2007,final,Group stage,A,2007-03-08,"MBPJ Stadium, Petaling Jaya",CHN,KOR,3,1,,,,,https://en.wikipedia.org/w/index.php?title=2007_AFC_U-16_Women%27s_Championship&oldid=1314720357
2007-F-02,2007,final,Group stage,B,2007-03-08,"MBPJ Stadium, Petaling Jaya",JPN,PRK,0,1,,,,,https://en.wikipedia.org/w/index.php?title=2007_AFC_U-16_Women%27s_Championship&oldid=1314720357
2007-F-03,2007,final,Group stage,A,2007-03-10,"MBPJ Stadium, Petaling Jaya",KOR,AUS,3,1,,,,,https://en.wikipedia.org/w/index.php?title=2007_AFC_U-16_Women%27s_Championship&oldid=1314720357
2007-F-04,2007,final,Group stage,B,2007-03-10,"MBPJ Stadium, Petaling Jaya",PRK,THA,7,1,,,,,https://en.wikipedia.org/w/index.php?title=2007_AFC_U-16_Women%27s_Championship&oldid=1314720357
2007-F-05,2007,final,Group stage,A,2007-03-12,"MBPJ Stadium, Petaling Jaya",AUS,CHN,0,0,,,,,https://en.wikipedia.org/w/index.php?title=2007_AFC_U-16_Women%27s_Championship&oldid=1314720357
2007-F-06,2007,final,Group stage,B,2007-03-12,"MBPJ Stadium, Petaling Jaya",THA,JPN,1,2,,,,,https://en.wikipedia.org/w/index.php?title=2007_AFC_U-16_Women%27s_Championship&oldid=1314720357
2007-F-07,2007,final,Semi-final,,2007-03-14,"Shah Alam Stadium, Shah Alam",CHN,JPN,1,3,,,,,https://en.wikipedia.org/w/index.php?title=2007_AFC_U-16_Women%27s_Championship&oldid=1314720357
2007-F-08,2007,final,Semi-final,,2007-03-14,"Shah Alam Stadium, Shah Alam",PRK,KOR,4,1,,,,,https://en.wikipedia.org/w/index.php?title=2007_AFC_U-16_Women%27s_Championship&oldid=1314720357
2007-F-09,2007,final,Third place,,2007-03-17,"MBPJ Stadium, Petaling Jaya",CHN,KOR,1,1,1,2,4,,https://en.wikipedia.org/w/index.php?title=2007_AFC_U-16_Women%27s_Championship&oldid=1314720357
2007-F-10,2007,final,Final,,2007-03-17,"MBPJ Stadium, Petaling Jaya",JPN,PRK,0,3,,,,,https://en.wikipedia.org/w/index.php?title=2007_AFC_U-16_Women%27s_Championship&oldid=1314720357
2009-F-01,2009,final,Group stage,A,2009-11-04,"Supachalasai National Stadium, Bangkok",PRK,THA,5,0,,,,,https://en.wikipedia.org/w/index.php?title=2009_AFC_U-16_Women%27s_Championship&oldid=1342516610
2009-F-02,2009,final,Group stage,A,2009-11-04,"Supachalasai National Stadium, Bangkok",KOR,MYA,8,0,,,,,https://en.wikipedia.org/w/index.php?title=2009_AFC_U-16_Women%27s_Championship&oldid=1342516610
2009-F-03,2009,final,Group stage,B,2009-11-05,"Supachalasai National Stadium, Bangkok",JPN,TPE,16,0,,,,,https://en.wikipedia.org/w/index.php?title=2009_AFC_U-16_Women%27s_Championship&oldid=1342516610
2009-F-04,2009,final,Group stage,B,2009-11-05,"Supachalasai National Stadium, Bangkok",AUS,CHN,4,0,,,,,https://en.wikipedia.org/w/index.php?title=2009_AFC_U-16_Women%27s_Championship&oldid=1342516610
2009-F-05,2009,final,Group stage,A,2009-11-06,"Supachalasai National Stadium, Bangkok",THA,KOR,0,8,,,,,https://en.wikipedia.org/w/index.php?title=2009_AFC_U-16_Women%27s_Championship&oldid=1342516610
2009-F-06,2009,final,Group stage,A,2009-11-06,"Supachalasai National Stadium, Bangkok",MYA,PRK,0,7,,,,,https://en.wikipedia.org/w/index.php?title=2009_AFC_U-16_Women%27s_Championship&oldid=1342516610
2009-F-07,2009,final,Group stage,B,2009-11-07,"Supachalasai National Stadium, Bangkok",TPE,AUS,0,7,,,,,https://en.wikipedia.org/w/index.php?title=2009_AFC_U-16_Women%27s_Championship&oldid=1342516610
2009-F-08,2009,final,Group stage,B,2009-11-07,"Supachalasai National Stadium, Bangkok",CHN,JPN,1,3,,,,,https://en.wikipedia.org/w/index.php?title=2009_AFC_U-16_Women%27s_Championship&oldid=1342516610
2009-F-09,2009,final,Group stage,A,2009-11-08,"Supachalasai National Stadium, Bangkok",PRK,KOR,2,2,,,,,https://en.wikipedia.org/w/index.php?title=2009_AFC_U-16_Women%27s_Championship&oldid=1342516610
2009-F-10,2009,final,Group stage,A,2009-11-08,"Supachalasai National Stadium, Bangkok",MYA,THA,2,4,,,,,https://en.wikipedia.org/w/index.php?title=2009_AFC_U-16_Women%27s_Championship&oldid=1342516610
2009-F-11,2009,final,Group stage,B,2009-11-09,"Supachalasai National Stadium, Bangkok",JPN,AUS,1,3,,,,,https://en.wikipedia.org/w/index.php?title=2009_AFC_U-16_Women%27s_Championship&oldid=1342516610
2009-F-12,2009,final,Group stage,B,2009-11-09,"Supachalasai National Stadium, Bangkok",CHN,TPE,7,0,,,,,https://en.wikipedia.org/w/index.php?title=2009_AFC_U-16_Women%27s_Championship&oldid=1342516610
2009-F-13,2009,final,Semi-final,,2009-11-12,"Supachalasai National Stadium, Bangkok",KOR,JPN,1,0,,,,,https://en.wikipedia.org/w/index.php?title=2009_AFC_U-16_Women%27s_Championship&oldid=1342516610
2009-F-14,2009,final,Semi-final,,2009-11-12,"Supachalasai National Stadium, Bangkok",AUS,PRK,3,4,,,,,https://en.wikipedia.org/w/index.php?title=2009_AFC_U-16_Women%27s_Championship&oldid=1342516610
2009-F-15,2009,final,Third place,,2009-11-15,"Supachalasai National Stadium, Bangkok",JPN,AUS,6,2,,,,,https://en.wikipedia.org/w/index.php?title=2009_AFC_U-16_Women%27s_Championship&oldid=1342516610
2009-F-16,2009,final,Final,,2009-11-15,"Supachalasai National Stadium, Bangkok",KOR,PRK,4,0,,,,,https://en.wikipedia.org/w/index.php?title=2009_AFC_U-16_Women%27s_Championship&oldid=1342516610
2009-Q-R1-A-01,2009,qualifying,Round 1,A,2008-11-08,"MBPJ Stadium, Kuala Lumpur, Malaysia",SIN,AUS,0,17,,,,No readable AFC page (AFC report links are archive-only or return 404); result from the pinned Wikipedia revision,https://en.wikipedia.org/w/index.php?title=2009_AFC_U-16_Women%27s_Championship_qualification&oldid=1333507834
2009-Q-R1-A-02,2009,qualifying,Round 1,A,2008-11-08,"MBPJ Stadium, Kuala Lumpur, Malaysia",THA,MYA,1,1,,,,No readable AFC page (AFC report links are archive-only or return 404); result from the pinned Wikipedia revision,https://en.wikipedia.org/w/index.php?title=2009_AFC_U-16_Women%27s_Championship_qualification&oldid=1333507834
2009-Q-R1-A-03,2009,qualifying,Round 1,A,2008-11-10,"MBPJ Stadium, Kuala Lumpur, Malaysia",AUS,MYA,4,0,,,,No readable AFC page (AFC report links are archive-only or return 404); result from the pinned Wikipedia revision,https://en.wikipedia.org/w/index.php?title=2009_AFC_U-16_Women%27s_Championship_qualification&oldid=1333507834
2009-Q-R1-A-04,2009,qualifying,Round 1,A,2008-11-10,"MBPJ Stadium, Kuala Lumpur, Malaysia",SIN,PHI,1,3,,,,No readable AFC page (AFC report links are archive-only or return 404); result from the pinned Wikipedia revision,https://en.wikipedia.org/w/index.php?title=2009_AFC_U-16_Women%27s_Championship_qualification&oldid=1333507834
2009-Q-R1-A-05,2009,qualifying,Round 1,A,2008-11-12,"MBPJ Stadium, Kuala Lumpur, Malaysia",MYA,SIN,11,0,,,,No readable AFC page (AFC report links are archive-only or return 404); result from the pinned Wikipedia revision,https://en.wikipedia.org/w/index.php?title=2009_AFC_U-16_Women%27s_Championship_qualification&oldid=1333507834
2009-Q-R1-A-06,2009,qualifying,Round 1,A,2008-11-12,"MBPJ Stadium, Kuala Lumpur, Malaysia",PHI,THA,0,8,,,,No readable AFC page (AFC report links are archive-only or return 404); result from the pinned Wikipedia revision,https://en.wikipedia.org/w/index.php?title=2009_AFC_U-16_Women%27s_Championship_qualification&oldid=1333507834
2009-Q-R1-A-07,2009,qualifying,Round 1,A,2008-11-15,"MBPJ Stadium, Kuala Lumpur, Malaysia",PHI,AUS,0,20,,,,No readable AFC page (AFC report links are archive-only or return 404); result from the pinned Wikipedia revision,https://en.wikipedia.org/w/index.php?title=2009_AFC_U-16_Women%27s_Championship_qualification&oldid=1333507834
2009-Q-R1-A-08,2009,qualifying,Round 1,A,2008-11-15,"MBPJ Stadium, Kuala Lumpur, Malaysia",THA,SIN,13,0,,,,No readable AFC page (AFC report links are archive-only or return 404); result from the pinned Wikipedia revision,https://en.wikipedia.org/w/index.php?title=2009_AFC_U-16_Women%27s_Championship_qualification&oldid=1333507834
2009-Q-R1-A-09,2009,qualifying,Round 1,A,2008-11-17,"MBPJ Stadium, Kuala Lumpur, Malaysia",MYA,PHI,6,0,,,,No readable AFC page (AFC report links are archive-only or return 404); result from the pinned Wikipedia revision,https://en.wikipedia.org/w/index.php?title=2009_AFC_U-16_Women%27s_Championship_qualification&oldid=1333507834
2009-Q-R1-A-10,2009,qualifying,Round 1,A,2008-11-17,"MBPJ Stadium, Kuala Lumpur, Malaysia",AUS,THA,2,0,,,,No readable AFC page (AFC report links are archive-only or return 404); result from the pinned Wikipedia revision,https://en.wikipedia.org/w/index.php?title=2009_AFC_U-16_Women%27s_Championship_qualification&oldid=1333507834
2009-Q-R1-B-01,2009,qualifying,Round 1,B,2008-11-09,"KLFA Stadium, Kuala Lumpur, Malaysia",TPE,CHN,1,6,,,,No readable AFC page (AFC report links are archive-only or return 404); result from the pinned Wikipedia revision,https://en.wikipedia.org/w/index.php?title=2009_AFC_U-16_Women%27s_Championship_qualification&oldid=1333507834
2009-Q-R1-B-02,2009,qualifying,Round 1,B,2008-11-09,"KLFA Stadium, Kuala Lumpur, Malaysia",IND,UZB,3,1,,,,No readable AFC page (AFC report links are archive-only or return 404); result from the pinned Wikipedia revision,https://en.wikipedia.org/w/index.php?title=2009_AFC_U-16_Women%27s_Championship_qualification&oldid=1333507834
2009-Q-R1-B-03,2009,qualifying,Round 1,B,2008-11-11,"KLFA Stadium, Kuala Lumpur, Malaysia",TPE,UZB,1,0,,,,No readable AFC page (AFC report links are archive-only or return 404); result from the pinned Wikipedia revision,https://en.wikipedia.org/w/index.php?title=2009_AFC_U-16_Women%27s_Championship_qualification&oldid=1333507834
2009-Q-R1-B-04,2009,qualifying,Round 1,B,2008-11-11,"KLFA Stadium, Kuala Lumpur, Malaysia",CHN,IND,1,0,,,,No readable AFC page (AFC report links are archive-only or return 404); result from the pinned Wikipedia revision,https://en.wikipedia.org/w/index.php?title=2009_AFC_U-16_Women%27s_Championship_qualification&oldid=1333507834
2009-Q-R1-B-05,2009,qualifying,Round 1,B,2008-11-13,"KLFA Stadium, Kuala Lumpur, Malaysia",UZB,CHN,0,9,,,,No readable AFC page (AFC report links are archive-only or return 404); result from the pinned Wikipedia revision,https://en.wikipedia.org/w/index.php?title=2009_AFC_U-16_Women%27s_Championship_qualification&oldid=1333507834
2009-Q-R1-B-06,2009,qualifying,Round 1,B,2008-11-13,"KLFA Stadium, Kuala Lumpur, Malaysia",TPE,IND,2,1,,,,No readable AFC page (AFC report links are archive-only or return 404); result from the pinned Wikipedia revision,https://en.wikipedia.org/w/index.php?title=2009_AFC_U-16_Women%27s_Championship_qualification&oldid=1333507834
2011-F-01,2011,final,Group stage,A,2011-11-03,"Jiangning Sports Center, Nanjing",CHN,THA,8,0,,,,Single round-robin; no group letter on the source,https://en.wikipedia.org/w/index.php?title=2011_AFC_U-16_Women%27s_Championship&oldid=1373759728
2011-F-02,2011,final,Group stage,A,2011-11-03,"Nanjing Olympic Sports Center, Nanjing",KOR,AUS,4,0,,,,Single round-robin; no group letter on the source,https://en.wikipedia.org/w/index.php?title=2011_AFC_U-16_Women%27s_Championship&oldid=1373759728
2011-F-03,2011,final,Group stage,A,2011-11-03,"Jiangning Sports Center, Nanjing",PRK,JPN,0,1,,,,Single round-robin; no group letter on the source,https://en.wikipedia.org/w/index.php?title=2011_AFC_U-16_Women%27s_Championship&oldid=1373759728
2011-F-04,2011,final,Group stage,A,2011-11-05,"Nanjing Olympic Sports Center, Nanjing",JPN,THA,10,0,,,,Single round-robin; no group letter on the source,https://en.wikipedia.org/w/index.php?title=2011_AFC_U-16_Women%27s_Championship&oldid=1373759728
2011-F-05,2011,final,Group stage,A,2011-11-05,"Jiangning Sports Center, Nanjing",AUS,CHN,0,3,,,,Single round-robin; no group letter on the source,https://en.wikipedia.org/w/index.php?title=2011_AFC_U-16_Women%27s_Championship&oldid=1373759728
2011-F-06,2011,final,Group stage,A,2011-11-05,"Jiangning Sports Center, Nanjing",KOR,PRK,0,4,,,,Single round-robin; no group letter on the source,https://en.wikipedia.org/w/index.php?title=2011_AFC_U-16_Women%27s_Championship&oldid=1373759728
2011-F-07,2011,final,Group stage,A,2011-11-07,"Jiangning Sports Center, Nanjing",CHN,JPN,0,3,,,,Single round-robin; no group letter on the source,https://en.wikipedia.org/w/index.php?title=2011_AFC_U-16_Women%27s_Championship&oldid=1373759728
2011-F-08,2011,final,Group stage,A,2011-11-07,"Jiangning Sports Center, Nanjing",THA,KOR,0,3,,,,Single round-robin; no group letter on the source,https://en.wikipedia.org/w/index.php?title=2011_AFC_U-16_Women%27s_Championship&oldid=1373759728
2011-F-09,2011,final,Group stage,A,2011-11-07,"Nanjing Olympic Sports Center, Nanjing",AUS,PRK,0,1,,,,Single round-robin; no group letter on the source,https://en.wikipedia.org/w/index.php?title=2011_AFC_U-16_Women%27s_Championship&oldid=1373759728
2011-F-10,2011,final,Group stage,A,2011-11-10,"Nanjing Olympic Sports Center, Nanjing",THA,AUS,0,4,,,,Single round-robin; no group letter on the source,https://en.wikipedia.org/w/index.php?title=2011_AFC_U-16_Women%27s_Championship&oldid=1373759728
2011-F-11,2011,final,Group stage,A,2011-11-10,"Jiangning Sports Center, Nanjing",PRK,CHN,1,0,,,,Single round-robin; no group letter on the source,https://en.wikipedia.org/w/index.php?title=2011_AFC_U-16_Women%27s_Championship&oldid=1373759728
2011-F-12,2011,final,Group stage,A,2011-11-10,"Jiangning Sports Center, Nanjing",JPN,KOR,3,0,,,,Single round-robin; no group letter on the source,https://en.wikipedia.org/w/index.php?title=2011_AFC_U-16_Women%27s_Championship&oldid=1373759728
2011-F-13,2011,final,Group stage,A,2011-11-13,"Nanjing Olympic Sports Center, Nanjing",THA,PRK,0,8,,,,Single round-robin; no group letter on the source,https://en.wikipedia.org/w/index.php?title=2011_AFC_U-16_Women%27s_Championship&oldid=1373759728
2011-F-14,2011,final,Group stage,A,2011-11-13,"Jiangning Sports Center, Nanjing",AUS,JPN,0,1,,,,Single round-robin; no group letter on the source,https://en.wikipedia.org/w/index.php?title=2011_AFC_U-16_Women%27s_Championship&oldid=1373759728
2011-F-15,2011,final,Group stage,A,2011-11-13,"Jiangning Sports Center, Nanjing",CHN,KOR,0,0,,,,Single round-robin; no group letter on the source,https://en.wikipedia.org/w/index.php?title=2011_AFC_U-16_Women%27s_Championship&oldid=1373759728
2011-Q-R1-A-01,2011,qualifying,Round 1,A,2010-10-15,"UMAK Stadium, Makati",VIE,SIN,9,0,,,,No readable AFC page (AFC report links are archive-only or return 404); result from the pinned Wikipedia revision,https://en.wikipedia.org/w/index.php?title=2011_AFC_U-16_Women%27s_Championship_qualification&oldid=1314721749
2011-Q-R1-A-02,2011,qualifying,Round 1,A,2010-10-15,"UMAK Stadium, Makati",TLS,GUM,0,4,,,,No readable AFC page (AFC report links are archive-only or return 404); result from the pinned Wikipedia revision,https://en.wikipedia.org/w/index.php?title=2011_AFC_U-16_Women%27s_Championship_qualification&oldid=1314721749
2011-Q-R1-A-03,2011,qualifying,Round 1,A,2010-10-17,"UMAK Stadium, Makati",GUM,PHI,2,0,,,,No readable AFC page (AFC report links are archive-only or return 404); result from the pinned Wikipedia revision,https://en.wikipedia.org/w/index.php?title=2011_AFC_U-16_Women%27s_Championship_qualification&oldid=1314721749
2011-Q-R1-A-04,2011,qualifying,Round 1,A,2010-10-17,"UMAK Stadium, Makati",TLS,VIE,0,16,,,,No readable AFC page (AFC report links are archive-only or return 404); result from the pinned Wikipedia revision,https://en.wikipedia.org/w/index.php?title=2011_AFC_U-16_Women%27s_Championship_qualification&oldid=1314721749
2011-Q-R1-A-05,2011,qualifying,Round 1,A,2010-10-19,"UMAK Stadium, Makati",PHI,TLS,7,0,,,,No readable AFC page (AFC report links are archive-only or return 404); result from the pinned Wikipedia revision,https://en.wikipedia.org/w/index.php?title=2011_AFC_U-16_Women%27s_Championship_qualification&oldid=1314721749
2011-Q-R1-A-06,2011,qualifying,Round 1,A,2010-10-19,"UMAK Stadium, Makati",SIN,GUM,1,2,,,,No readable AFC page (AFC report links are archive-only or return 404); result from the pinned Wikipedia revision,https://en.wikipedia.org/w/index.php?title=2011_AFC_U-16_Women%27s_Championship_qualification&oldid=1314721749
2011-Q-R1-A-07,2011,qualifying,Round 1,A,2010-10-22,"UMAK Stadium, Makati",SIN,TLS,6,0,,,,No readable AFC page (AFC report links are archive-only or return 404); result from the pinned Wikipedia revision,https://en.wikipedia.org/w/index.php?title=2011_AFC_U-16_Women%27s_Championship_qualification&oldid=1314721749
2011-Q-R1-A-08,2011,qualifying,Round 1,A,2010-10-22,"UMAK Stadium, Makati",VIE,PHI,3,0,,,,No readable AFC page (AFC report links are archive-only or return 404); result from the pinned Wikipedia revision,https://en.wikipedia.org/w/index.php?title=2011_AFC_U-16_Women%27s_Championship_qualification&oldid=1314721749
2011-Q-R1-A-09,2011,qualifying,Round 1,A,2010-10-24,"UMAK Stadium, Makati",GUM,VIE,0,5,,,,No readable AFC page (AFC report links are archive-only or return 404); result from the pinned Wikipedia revision,https://en.wikipedia.org/w/index.php?title=2011_AFC_U-16_Women%27s_Championship_qualification&oldid=1314721749
2011-Q-R1-A-10,2011,qualifying,Round 1,A,2010-10-24,"UMAK Stadium, Makati",PHI,SIN,2,0,,,,No readable AFC page (AFC report links are archive-only or return 404); result from the pinned Wikipedia revision,https://en.wikipedia.org/w/index.php?title=2011_AFC_U-16_Women%27s_Championship_qualification&oldid=1314721749
2011-Q-R1-B-01,2011,qualifying,Round 1,B,2010-10-10,"Petra Stadium, Amman",JOR,IND,3,0,,,,No readable AFC page (AFC report links are archive-only or return 404); result from the pinned Wikipedia revision,https://en.wikipedia.org/w/index.php?title=2011_AFC_U-16_Women%27s_Championship_qualification&oldid=1314721749
2011-Q-R1-B-02,2011,qualifying,Round 1,B,2010-10-12,"Petra Stadium, Amman",IRN,IND,3,0,,,,No readable AFC page (AFC report links are archive-only or return 404); result from the pinned Wikipedia revision,https://en.wikipedia.org/w/index.php?title=2011_AFC_U-16_Women%27s_Championship_qualification&oldid=1314721749
2011-Q-R1-B-03,2011,qualifying,Round 1,B,2010-10-14,"Petra Stadium, Amman",JOR,IRN,1,1,,,,No readable AFC page (AFC report links are archive-only or return 404); result from the pinned Wikipedia revision,https://en.wikipedia.org/w/index.php?title=2011_AFC_U-16_Women%27s_Championship_qualification&oldid=1314721749
2011-Q-R2-A-01,2011,qualifying,Round 2,A,2010-12-03,"Rajamangala Stadium, Bangkok",TPE,MYA,0,3,,,,Single second-round group with no letter on the source; No readable AFC page (AFC report links are archive-only or return 404); result from the pinned Wikipedia revision,https://en.wikipedia.org/w/index.php?title=2011_AFC_U-16_Women%27s_Championship_qualification&oldid=1314721749
2011-Q-R2-A-02,2011,qualifying,Round 2,A,2010-12-03,"Rajamangala Stadium, Bangkok",IRN,VIE,2,4,,,,Single second-round group with no letter on the source; No readable AFC page (AFC report links are archive-only or return 404); result from the pinned Wikipedia revision,https://en.wikipedia.org/w/index.php?title=2011_AFC_U-16_Women%27s_Championship_qualification&oldid=1314721749
2011-Q-R2-A-03,2011,qualifying,Round 2,A,2010-12-05,"Rajamangala Stadium, Bangkok",VIE,THA,1,3,,,,Single second-round group with no letter on the source; No readable AFC page (AFC report links are archive-only or return 404); result from the pinned Wikipedia revision,https://en.wikipedia.org/w/index.php?title=2011_AFC_U-16_Women%27s_Championship_qualification&oldid=1314721749
2011-Q-R2-A-04,2011,qualifying,Round 2,A,2010-12-05,"Rajamangala Stadium, Bangkok",IRN,TPE,0,3,,,,Single second-round group with no letter on the source; No readable AFC page (AFC report links are archive-only or return 404); result from the pinned Wikipedia revision,https://en.wikipedia.org/w/index.php?title=2011_AFC_U-16_Women%27s_Championship_qualification&oldid=1314721749
2011-Q-R2-A-05,2011,qualifying,Round 2,A,2010-12-07,"Rajamangala Stadium, Bangkok",THA,IRN,2,1,,,,Single second-round group with no letter on the source; No readable AFC page (AFC report links are archive-only or return 404); result from the pinned Wikipedia revision,https://en.wikipedia.org/w/index.php?title=2011_AFC_U-16_Women%27s_Championship_qualification&oldid=1314721749
2011-Q-R2-A-06,2011,qualifying,Round 2,A,2010-12-07,"Rajamangala Stadium, Bangkok",MYA,VIE,3,0,,,,Single second-round group with no letter on the source; No readable AFC page (AFC report links are archive-only or return 404); result from the pinned Wikipedia revision,https://en.wikipedia.org/w/index.php?title=2011_AFC_U-16_Women%27s_Championship_qualification&oldid=1314721749
2011-Q-R2-A-07,2011,qualifying,Round 2,A,2010-12-10,"Rajamangala Stadium, Bangkok",MYA,IRN,4,0,,,,Single second-round group with no letter on the source; No readable AFC page (AFC report links are archive-only or return 404); result from the pinned Wikipedia revision,https://en.wikipedia.org/w/index.php?title=2011_AFC_U-16_Women%27s_Championship_qualification&oldid=1314721749
2011-Q-R2-A-08,2011,qualifying,Round 2,A,2010-12-10,"Rajamangala Stadium, Bangkok",TPE,THA,4,2,,,,Single second-round group with no letter on the source; No readable AFC page (AFC report links are archive-only or return 404); result from the pinned Wikipedia revision,https://en.wikipedia.org/w/index.php?title=2011_AFC_U-16_Women%27s_Championship_qualification&oldid=1314721749
2011-Q-R2-A-09,2011,qualifying,Round 2,A,2010-12-12,"Rajamangala Stadium, Bangkok",VIE,TPE,3,3,,,,Single second-round group with no letter on the source; No readable AFC page (AFC report links are archive-only or return 404); result from the pinned Wikipedia revision,https://en.wikipedia.org/w/index.php?title=2011_AFC_U-16_Women%27s_Championship_qualification&oldid=1314721749
2011-Q-R2-A-10,2011,qualifying,Round 2,A,2010-12-12,"Rajamangala Stadium, Bangkok",THA,MYA,2,1,,,,Single second-round group with no letter on the source; No readable AFC page (AFC report links are archive-only or return 404); result from the pinned Wikipedia revision,https://en.wikipedia.org/w/index.php?title=2011_AFC_U-16_Women%27s_Championship_qualification&oldid=1314721749
2013-F-01,2013,final,Group stage,A,2013-09-26,"Jiangning Sports Centre, Nanjing",BHR,CHN,0,17,,,,,https://en.wikipedia.org/w/index.php?title=2013_AFC_U-16_Women%27s_Championship&oldid=1353210957
2013-F-02,2013,final,Group stage,B,2013-09-26,"Jiangsu Football Training Centre Stadium, Nanjing",JOR,PRK,0,6,,,,,https://en.wikipedia.org/w/index.php?title=2013_AFC_U-16_Women%27s_Championship&oldid=1353210957
2013-F-03,2013,final,Group stage,C,2013-09-26,"Jiangning Sports Centre, Nanjing",UZB,KOR,0,0,,,,,https://en.wikipedia.org/w/index.php?title=2013_AFC_U-16_Women%27s_Championship&oldid=1353210957
2013-F-04,2013,final,Group stage,D,2013-09-26,"Jiangsu Football Training Centre Stadium, Nanjing",GUM,JPN,0,19,,,,,https://en.wikipedia.org/w/index.php?title=2013_AFC_U-16_Women%27s_Championship&oldid=1353210957
2013-F-05,2013,final,Group stage,A,2013-09-28,"Jiangning Sports Centre, Nanjing",AUS,BHR,8,0,,,,,https://en.wikipedia.org/w/index.php?title=2013_AFC_U-16_Women%27s_Championship&oldid=1353210957
2013-F-06,2013,final,Group stage,B,2013-09-28,"Jiangning Sports Centre, Nanjing",TPE,JOR,2,1,,,,,https://en.wikipedia.org/w/index.php?title=2013_AFC_U-16_Women%27s_Championship&oldid=1353210957
2013-F-07,2013,final,Group stage,C,2013-09-28,"Jiangsu Football Training Centre Stadium, Nanjing",THA,UZB,3,0,,,,,https://en.wikipedia.org/w/index.php?title=2013_AFC_U-16_Women%27s_Championship&oldid=1353210957
2013-F-08,2013,final,Group stage,D,2013-09-28,"Jiangning Sports Centre, Nanjing",IRN,GUM,2,0,,,,,https://en.wikipedia.org/w/index.php?title=2013_AFC_U-16_Women%27s_Championship&oldid=1353210957
2013-F-09,2013,final,Group stage,A,2013-09-30,"Jiangning Sports Centre, Nanjing",CHN,AUS,2,0,,,,,https://en.wikipedia.org/w/index.php?title=2013_AFC_U-16_Women%27s_Championship&oldid=1353210957
2013-F-10,2013,final,Group stage,B,2013-09-30,"Jiangsu Football Training Centre Stadium, Nanjing",PRK,TPE,10,0,,,,,https://en.wikipedia.org/w/index.php?title=2013_AFC_U-16_Women%27s_Championship&oldid=1353210957
2013-F-11,2013,final,Group stage,C,2013-09-30,"Jiangsu Football Training Centre Stadium, Nanjing",KOR,THA,2,2,,,,,https://en.wikipedia.org/w/index.php?title=2013_AFC_U-16_Women%27s_Championship&oldid=1353210957
2013-F-12,2013,final,Group stage,D,2013-09-30,"Jiangning Sports Centre, Nanjing",JPN,IRN,9,0,,,,,https://en.wikipedia.org/w/index.php?title=2013_AFC_U-16_Women%27s_Championship&oldid=1353210957
2013-F-13,2013,final,Semi-final,,2013-10-03,"Jiangning Sports Centre, Nanjing",CHN,PRK,1,3,,,,,https://en.wikipedia.org/w/index.php?title=2013_AFC_U-16_Women%27s_Championship&oldid=1353210957
2013-F-14,2013,final,Semi-final,,2013-10-03,"Jiangning Sports Centre, Nanjing",THA,JPN,0,6,,,,,https://en.wikipedia.org/w/index.php?title=2013_AFC_U-16_Women%27s_Championship&oldid=1353210957
2013-F-15,2013,final,Third place,,2013-10-06,"Jiangning Sports Centre, Nanjing",CHN,THA,2,2,,4,2,No extra time in the source; straight to penalties,https://en.wikipedia.org/w/index.php?title=2013_AFC_U-16_Women%27s_Championship&oldid=1353210957
2013-F-16,2013,final,Final,,2013-10-06,"Jiangning Sports Centre, Nanjing",PRK,JPN,1,1,,5,6,No extra time in the source; straight to penalties,https://en.wikipedia.org/w/index.php?title=2013_AFC_U-16_Women%27s_Championship&oldid=1353210957
2013-Q-R1-A-01,2013,qualifying,Round 1,A,2012-11-07,"Petra Stadium, Amman, Jordan",PLE,JOR,0,9,,,,No readable AFC page (AFC report links are archive-only or return 404); result from the pinned Wikipedia revision,https://en.wikipedia.org/w/index.php?title=2013_AFC_U-16_Women%27s_Championship_qualification&oldid=1371433914
2013-Q-R1-A-02,2013,qualifying,Round 1,A,2012-11-09,"Petra Stadium, Amman, Jordan",BHR,PLE,1,0,,,,No readable AFC page (AFC report links are archive-only or return 404); result from the pinned Wikipedia revision,https://en.wikipedia.org/w/index.php?title=2013_AFC_U-16_Women%27s_Championship_qualification&oldid=1371433914
2013-Q-R1-A-03,2013,qualifying,Round 1,A,2012-11-11,"Petra Stadium, Amman, Jordan",JOR,BHR,4,0,,,,No readable AFC page (AFC report links are archive-only or return 404); result from the pinned Wikipedia revision,https://en.wikipedia.org/w/index.php?title=2013_AFC_U-16_Women%27s_Championship_qualification&oldid=1371433914
2013-Q-R1-B-01,2013,qualifying,Round 1,B,2012-11-26,"City Football Complex, Colombo, Sri Lanka",SRI,UZB,0,6,,,,No readable AFC page (AFC report links are archive-only or return 404); result from the pinned Wikipedia revision,https://en.wikipedia.org/w/index.php?title=2013_AFC_U-16_Women%27s_Championship_qualification&oldid=1371433914
2013-Q-R1-B-02,2013,qualifying,Round 1,B,2012-11-26,"City Football Complex, Colombo, Sri Lanka",IRN,IND,5,2,,,,No readable AFC page (AFC report links are archive-only or return 404); result from the pinned Wikipedia revision,https://en.wikipedia.org/w/index.php?title=2013_AFC_U-16_Women%27s_Championship_qualification&oldid=1371433914
2013-Q-R1-B-03,2013,qualifying,Round 1,B,2012-11-28,"City Football Complex, Colombo, Sri Lanka",UZB,IRN,3,0,,,,No readable AFC page (AFC report links are archive-only or return 404); result from the pinned Wikipedia revision,https://en.wikipedia.org/w/index.php?title=2013_AFC_U-16_Women%27s_Championship_qualification&oldid=1371433914
2013-Q-R1-B-04,2013,qualifying,Round 1,B,2012-11-28,"City Football Complex, Colombo, Sri Lanka",IND,SRI,1,1,,,,No readable AFC page (AFC report links are archive-only or return 404); result from the pinned Wikipedia revision,https://en.wikipedia.org/w/index.php?title=2013_AFC_U-16_Women%27s_Championship_qualification&oldid=1371433914
2013-Q-R1-B-05,2013,qualifying,Round 1,B,2012-11-30,"City Football Complex, Colombo, Sri Lanka",IND,UZB,1,1,,,,No readable AFC page (AFC report links are archive-only or return 404); result from the pinned Wikipedia revision,https://en.wikipedia.org/w/index.php?title=2013_AFC_U-16_Women%27s_Championship_qualification&oldid=1371433914
2013-Q-R1-B-06,2013,qualifying,Round 1,B,2012-11-30,"City Football Complex, Colombo, Sri Lanka",SRI,IRN,0,3,,,,No readable AFC page (AFC report links are archive-only or return 404); result from the pinned Wikipedia revision,https://en.wikipedia.org/w/index.php?title=2013_AFC_U-16_Women%27s_Championship_qualification&oldid=1371433914
2013-Q-R1-C-01,2013,qualifying,Round 1,C,2012-11-07,"Rizal Memorial Stadium, Manila",AUS,THA,5,1,,,,No readable AFC page (AFC report links are archive-only or return 404); result from the pinned Wikipedia revision,https://en.wikipedia.org/w/index.php?title=2013_AFC_U-16_Women%27s_Championship_qualification&oldid=1371433914
2013-Q-R1-C-02,2013,qualifying,Round 1,C,2012-11-07,"Rizal Memorial Stadium, Manila",PHI,MYA,1,2,,,,No readable AFC page (AFC report links are archive-only or return 404); result from the pinned Wikipedia revision,https://en.wikipedia.org/w/index.php?title=2013_AFC_U-16_Women%27s_Championship_qualification&oldid=1371433914
2013-Q-R1-C-03,2013,qualifying,Round 1,C,2012-11-09,"Rizal Memorial Stadium, Manila",MYA,AUS,0,5,,,,No readable AFC page (AFC report links are archive-only or return 404); result from the pinned Wikipedia revision,https://en.wikipedia.org/w/index.php?title=2013_AFC_U-16_Women%27s_Championship_qualification&oldid=1371433914
2013-Q-R1-C-04,2013,qualifying,Round 1,C,2012-11-09,"Rizal Memorial Stadium, Manila",THA,PHI,6,1,,,,No readable AFC page (AFC report links are archive-only or return 404); result from the pinned Wikipedia revision,https://en.wikipedia.org/w/index.php?title=2013_AFC_U-16_Women%27s_Championship_qualification&oldid=1371433914
2013-Q-R1-C-05,2013,qualifying,Round 1,C,2012-11-11,"Rizal Memorial Stadium, Manila",THA,MYA,3,2,,,,No readable AFC page (AFC report links are archive-only or return 404); result from the pinned Wikipedia revision,https://en.wikipedia.org/w/index.php?title=2013_AFC_U-16_Women%27s_Championship_qualification&oldid=1371433914
2013-Q-R1-C-06,2013,qualifying,Round 1,C,2012-11-11,"Rizal Memorial Stadium, Manila",PHI,AUS,1,8,,,,No readable AFC page (AFC report links are archive-only or return 404); result from the pinned Wikipedia revision,https://en.wikipedia.org/w/index.php?title=2013_AFC_U-16_Women%27s_Championship_qualification&oldid=1371433914
2013-Q-R1-D-01,2013,qualifying,Round 1,D,2012-11-06,"Guam FA Field, Guam",HKG,GUM,0,1,,,,No readable AFC page (AFC report links are archive-only); result from the pinned Wikipedia revision,https://en.wikipedia.org/w/index.php?title=2013_AFC_U-16_Women%27s_Championship_qualification&oldid=1371433914
2013-Q-R1-D-02,2013,qualifying,Round 1,D,2012-11-08,"Guam FA Field, Guam",TPE,HKG,7,0,,,,No readable AFC page (AFC report links are archive-only); result from the pinned Wikipedia revision,https://en.wikipedia.org/w/index.php?title=2013_AFC_U-16_Women%27s_Championship_qualification&oldid=1371433914
2013-Q-R1-D-03,2013,qualifying,Round 1,D,2012-11-10,"Guam FA Field, Guam",GUM,TPE,0,9,,,,No readable AFC page (AFC report links are archive-only or return 404); result from the pinned Wikipedia revision,https://en.wikipedia.org/w/index.php?title=2013_AFC_U-16_Women%27s_Championship_qualification&oldid=1371433914
2015-F-01,2015,final,Group stage,A,2015-11-04,"Hankou Cultural Sports Centre, Wuhan",THA,IRN,4,0,,,,,https://en.wikipedia.org/w/index.php?title=2015_AFC_U-16_Women%27s_Championship&oldid=1343950455
2015-F-02,2015,final,Group stage,A,2015-11-04,"Xinhua Road Sports Center, Wuhan",CHN,KOR,3,3,,,,,https://en.wikipedia.org/w/index.php?title=2015_AFC_U-16_Women%27s_Championship&oldid=1343950455
2015-F-03,2015,final,Group stage,B,2015-11-05,"Xinhua Road Sports Center, Wuhan",JPN,UZB,4,0,,,,,https://en.wikipedia.org/w/index.php?title=2015_AFC_U-16_Women%27s_Championship&oldid=1343950455
2015-F-04,2015,final,Group stage,B,2015-11-05,"Hankou Cultural Sports Centre, Wuhan",PRK,TPE,5,0,,,,,https://en.wikipedia.org/w/index.php?title=2015_AFC_U-16_Women%27s_Championship&oldid=1343950455
2015-F-05,2015,final,Group stage,A,2015-11-06,"Hankou Cultural Sports Centre, Wuhan",KOR,THA,0,1,,,,,https://en.wikipedia.org/w/index.php?title=2015_AFC_U-16_Women%27s_Championship&oldid=1343950455
2015-F-06,2015,final,Group stage,A,2015-11-06,"Xinhua Road Sports Center, Wuhan",IRN,CHN,0,4,,,,,https://en.wikipedia.org/w/index.php?title=2015_AFC_U-16_Women%27s_Championship&oldid=1343950455
2015-F-07,2015,final,Group stage,B,2015-11-07,"Hankou Cultural Sports Centre, Wuhan",UZB,PRK,0,4,,,,,https://en.wikipedia.org/w/index.php?title=2015_AFC_U-16_Women%27s_Championship&oldid=1343950455
2015-F-08,2015,final,Group stage,B,2015-11-07,"Xinhua Road Sports Center, Wuhan",TPE,JPN,0,6,,,,,https://en.wikipedia.org/w/index.php?title=2015_AFC_U-16_Women%27s_Championship&oldid=1343950455
2015-F-09,2015,final,Group stage,A,2015-11-08,"Xinhua Road Sports Center, Wuhan",CHN,THA,5,0,,,,,https://en.wikipedia.org/w/index.php?title=2015_AFC_U-16_Women%27s_Championship&oldid=1343950455
2015-F-10,2015,final,Group stage,A,2015-11-08,"Hankou Cultural Sports Centre, Wuhan",IRN,KOR,0,5,,,,,https://en.wikipedia.org/w/index.php?title=2015_AFC_U-16_Women%27s_Championship&oldid=1343950455
2015-F-11,2015,final,Group stage,B,2015-11-09,"Xinhua Road Sports Center, Wuhan",JPN,PRK,1,1,,,,,https://en.wikipedia.org/w/index.php?title=2015_AFC_U-16_Women%27s_Championship&oldid=1343950455
2015-F-12,2015,final,Group stage,B,2015-11-09,"Hankou Cultural Sports Centre, Wuhan",TPE,UZB,0,3,,,,,https://en.wikipedia.org/w/index.php?title=2015_AFC_U-16_Women%27s_Championship&oldid=1343950455
2015-F-13,2015,final,Semi-final,,2015-11-12,"Xinhua Road Sports Center, Wuhan",JPN,THA,8,0,,,,,https://en.wikipedia.org/w/index.php?title=2015_AFC_U-16_Women%27s_Championship&oldid=1343950455
2015-F-14,2015,final,Semi-final,,2015-11-12,"Xinhua Road Sports Center, Wuhan",CHN,PRK,1,2,,,,,https://en.wikipedia.org/w/index.php?title=2015_AFC_U-16_Women%27s_Championship&oldid=1343950455
2015-F-15,2015,final,Third place,,2015-11-15,"Xinhua Road Sports Center, Wuhan",CHN,THA,8,0,,,,,https://en.wikipedia.org/w/index.php?title=2015_AFC_U-16_Women%27s_Championship&oldid=1343950455
2015-F-16,2015,final,Final,,2015-11-15,"Xinhua Road Sports Center, Wuhan",PRK,JPN,1,0,,,,,https://en.wikipedia.org/w/index.php?title=2015_AFC_U-16_Women%27s_Championship&oldid=1343950455
2015-Q-R1-A-01,2015,qualifying,Round 1,A,2014-12-22,"Khalifa Sports City Stadium, Isa Town",UZB,BHR,17,0,,,,No readable AFC page (AFC report links are archive-only or return 404); result from the pinned Wikipedia revision,https://en.wikipedia.org/w/index.php?title=2015_AFC_U-16_Women%27s_Championship_qualification&oldid=1332487635
2015-Q-R1-A-02,2015,qualifying,Round 1,A,2014-12-25,"Khalifa Sports City Stadium, Isa Town",BHR,UZB,0,5,,,,No readable AFC page (AFC report links are archive-only or return 404); result from the pinned Wikipedia revision,https://en.wikipedia.org/w/index.php?title=2015_AFC_U-16_Women%27s_Championship_qualification&oldid=1332487635
2015-Q-R1-B-01,2015,qualifying,Round 1,B,2014-10-15,"Bangabandhu National Stadium, Dhaka",IRN,UAE,9,0,,,,No readable AFC page (AFC report links are archive-only or return 404); result from the pinned Wikipedia revision,https://en.wikipedia.org/w/index.php?title=2015_AFC_U-16_Women%27s_Championship_qualification&oldid=1332487635
2015-Q-R1-B-02,2015,qualifying,Round 1,B,2014-10-15,"Bangabandhu National Stadium, Dhaka",JOR,BAN,0,1,,,,No readable AFC page (AFC report links are archive-only or return 404); result from the pinned Wikipedia revision,https://en.wikipedia.org/w/index.php?title=2015_AFC_U-16_Women%27s_Championship_qualification&oldid=1332487635
2015-Q-R1-B-03,2015,qualifying,Round 1,B,2014-10-17,"Bangabandhu National Stadium, Dhaka",IRN,IND,2,1,,,,No readable AFC page (AFC report links are archive-only or return 404); result from the pinned Wikipedia revision,https://en.wikipedia.org/w/index.php?title=2015_AFC_U-16_Women%27s_Championship_qualification&oldid=1332487635
2015-Q-R1-B-04,2015,qualifying,Round 1,B,2014-10-17,"Bangabandhu National Stadium, Dhaka",BAN,UAE,6,0,,,,No readable AFC page (AFC report links are archive-only or return 404); result from the pinned Wikipedia revision,https://en.wikipedia.org/w/index.php?title=2015_AFC_U-16_Women%27s_Championship_qualification&oldid=1332487635
2015-Q-R1-B-05,2015,qualifying,Round 1,B,2014-10-19,"Bangabandhu National Stadium, Dhaka",UAE,JOR,1,8,,,,No readable AFC page (AFC report links are archive-only or return 404); result from the pinned Wikipedia revision,https://en.wikipedia.org/w/index.php?title=2015_AFC_U-16_Women%27s_Championship_qualification&oldid=1332487635
2015-Q-R1-B-06,2015,qualifying,Round 1,B,2014-10-19,"Bangabandhu National Stadium, Dhaka",BAN,IND,1,2,,,,No readable AFC page (AFC report links are archive-only or return 404); result from the pinned Wikipedia revision,https://en.wikipedia.org/w/index.php?title=2015_AFC_U-16_Women%27s_Championship_qualification&oldid=1332487635
2015-Q-R1-B-07,2015,qualifying,Round 1,B,2014-10-21,"Bangabandhu National Stadium, Dhaka",IND,UAE,12,0,,,,No readable AFC page (AFC report links are archive-only or return 404); result from the pinned Wikipedia revision,https://en.wikipedia.org/w/index.php?title=2015_AFC_U-16_Women%27s_Championship_qualification&oldid=1332487635
2015-Q-R1-B-08,2015,qualifying,Round 1,B,2014-10-21,"Bangabandhu National Stadium, Dhaka",IRN,JOR,6,1,,,,No readable AFC page (AFC report links are archive-only or return 404); result from the pinned Wikipedia revision,https://en.wikipedia.org/w/index.php?title=2015_AFC_U-16_Women%27s_Championship_qualification&oldid=1332487635
2015-Q-R1-B-09,2015,qualifying,Round 1,B,2014-10-23,"Bangabandhu National Stadium, Dhaka",JOR,IND,3,6,,,,No readable AFC page (AFC report links are archive-only or return 404); result from the pinned Wikipedia revision,https://en.wikipedia.org/w/index.php?title=2015_AFC_U-16_Women%27s_Championship_qualification&oldid=1332487635
2015-Q-R1-B-10,2015,qualifying,Round 1,B,2014-10-23,"Bangabandhu National Stadium, Dhaka",BAN,IRN,1,2,,,,No readable AFC page (AFC report links are archive-only or return 404); result from the pinned Wikipedia revision,https://en.wikipedia.org/w/index.php?title=2015_AFC_U-16_Women%27s_Championship_qualification&oldid=1332487635
2015-Q-R1-C-01,2015,qualifying,Round 1,C,2014-10-04,"Hang Tuah Stadium, Melaka",AUS,VIE,6,0,,,,No readable AFC page (AFC report links are archive-only or return 404); result from the pinned Wikipedia revision,https://en.wikipedia.org/w/index.php?title=2015_AFC_U-16_Women%27s_Championship_qualification&oldid=1332487635
2015-Q-R1-C-02,2015,qualifying,Round 1,C,2014-10-04,"Hang Jebat Stadium, Melaka",KOR,HKG,11,0,,,,No readable AFC page (AFC report links are archive-only); result from the pinned Wikipedia revision,https://en.wikipedia.org/w/index.php?title=2015_AFC_U-16_Women%27s_Championship_qualification&oldid=1332487635
2015-Q-R1-C-03,2015,qualifying,Round 1,C,2014-10-06,"Hang Tuah Stadium, Melaka",VIE,KOR,0,3,,,,No readable AFC page (AFC report links are archive-only or return 404); result from the pinned Wikipedia revision,https://en.wikipedia.org/w/index.php?title=2015_AFC_U-16_Women%27s_Championship_qualification&oldid=1332487635
2015-Q-R1-C-04,2015,qualifying,Round 1,C,2014-10-06,"Hang Jebat Stadium, Melaka",HKG,AUS,0,10,,,,No readable AFC page (AFC report links are archive-only); result from the pinned Wikipedia revision,https://en.wikipedia.org/w/index.php?title=2015_AFC_U-16_Women%27s_Championship_qualification&oldid=1332487635
2015-Q-R1-C-05,2015,qualifying,Round 1,C,2014-10-08,"Hang Jebat Stadium, Melaka",AUS,KOR,0,1,,,,No readable AFC page (AFC report links are archive-only or return 404); result from the pinned Wikipedia revision,https://en.wikipedia.org/w/index.php?title=2015_AFC_U-16_Women%27s_Championship_qualification&oldid=1332487635
2015-Q-R1-C-06,2015,qualifying,Round 1,C,2014-10-08,"Hang Tuah Stadium, Melaka",HKG,VIE,0,7,,,,No readable AFC page (AFC report links are archive-only); result from the pinned Wikipedia revision,https://en.wikipedia.org/w/index.php?title=2015_AFC_U-16_Women%27s_Championship_qualification&oldid=1332487635
2015-Q-R1-D-01,2015,qualifying,Round 1,D,2014-10-05,"Hang Tuah Stadium, Melaka",TPE,CAM,7,0,,,,No readable AFC page (AFC report links are archive-only or return 404); result from the pinned Wikipedia revision,https://en.wikipedia.org/w/index.php?title=2015_AFC_U-16_Women%27s_Championship_qualification&oldid=1332487635
2015-Q-R1-D-02,2015,qualifying,Round 1,D,2014-10-05,"Hang Jebat Stadium, Melaka",MYA,PHI,6,0,,,,No readable AFC page (AFC report links are archive-only or return 404); result from the pinned Wikipedia revision,https://en.wikipedia.org/w/index.php?title=2015_AFC_U-16_Women%27s_Championship_qualification&oldid=1332487635
2015-Q-R1-D-03,2015,qualifying,Round 1,D,2014-10-07,"Hang Tuah Stadium, Melaka",CAM,MYA,0,4,,,,No readable AFC page (AFC report links are archive-only or return 404); result from the pinned Wikipedia revision,https://en.wikipedia.org/w/index.php?title=2015_AFC_U-16_Women%27s_Championship_qualification&oldid=1332487635
2015-Q-R1-D-04,2015,qualifying,Round 1,D,2014-10-07,"Hang Jebat Stadium, Melaka",PHI,TPE,2,5,,,,No readable AFC page (AFC report links are archive-only or return 404); result from the pinned Wikipedia revision,https://en.wikipedia.org/w/index.php?title=2015_AFC_U-16_Women%27s_Championship_qualification&oldid=1332487635
2015-Q-R1-D-05,2015,qualifying,Round 1,D,2014-10-09,"Hang Jebat Stadium, Melaka",TPE,MYA,2,0,,,,No readable AFC page (AFC report links are archive-only or return 404); result from the pinned Wikipedia revision,https://en.wikipedia.org/w/index.php?title=2015_AFC_U-16_Women%27s_Championship_qualification&oldid=1332487635
2015-Q-R1-D-06,2015,qualifying,Round 1,D,2014-10-09,"Hang Tuah Stadium, Melaka",PHI,CAM,4,2,,,,No readable AFC page (AFC report links are archive-only or return 404); result from the pinned Wikipedia revision,https://en.wikipedia.org/w/index.php?title=2015_AFC_U-16_Women%27s_Championship_qualification&oldid=1332487635
2017-F-01,2017,final,Group stage,A,2017-09-10,"IPE Chonburi Stadium, Chonburi",CHN,KOR,2,2,,,,,https://en.wikipedia.org/w/index.php?title=2017_AFC_U-16_Women%27s_Championship&oldid=1314726875
2017-F-02,2017,final,Group stage,A,2017-09-10,"Chonburi Stadium, Chonburi",THA,LAO,3,0,,,,,https://en.wikipedia.org/w/index.php?title=2017_AFC_U-16_Women%27s_Championship&oldid=1314726875
2017-F-03,2017,final,Group stage,B,2017-09-11,"Chonburi Stadium, Chonburi",PRK,BAN,9,0,,,,,https://en.wikipedia.org/w/index.php?title=2017_AFC_U-16_Women%27s_Championship&oldid=1314726875
2017-F-04,2017,final,Group stage,B,2017-09-11,"IPE Chonburi Stadium, Chonburi",JPN,AUS,5,0,,,,,https://en.wikipedia.org/w/index.php?title=2017_AFC_U-16_Women%27s_Championship&oldid=1314726875
2017-F-05,2017,final,Group stage,A,2017-09-13,"IPE Chonburi Stadium, Chonburi",LAO,CHN,0,7,,,,,https://en.wikipedia.org/w/index.php?title=2017_AFC_U-16_Women%27s_Championship&oldid=1314726875
2017-F-06,2017,final,Group stage,A,2017-09-13,"Chonburi Stadium, Chonburi",KOR,THA,3,0,,,,,https://en.wikipedia.org/w/index.php?title=2017_AFC_U-16_Women%27s_Championship&oldid=1314726875
2017-F-07,2017,final,Group stage,B,2017-09-14,"IPE Chonburi Stadium, Chonburi",BAN,JPN,0,3,,,,,https://en.wikipedia.org/w/index.php?title=2017_AFC_U-16_Women%27s_Championship&oldid=1314726875
2017-F-08,2017,final,Group stage,B,2017-09-14,"Chonburi Stadium, Chonburi",AUS,PRK,0,7,,,,,https://en.wikipedia.org/w/index.php?title=2017_AFC_U-16_Women%27s_Championship&oldid=1314726875
2017-F-09,2017,final,Group stage,A,2017-09-16,"Chonburi Stadium, Chonburi",THA,CHN,1,6,,,,,https://en.wikipedia.org/w/index.php?title=2017_AFC_U-16_Women%27s_Championship&oldid=1314726875
2017-F-10,2017,final,Group stage,A,2017-09-16,"IPE Chonburi Stadium, Chonburi",KOR,LAO,7,0,,,,,https://en.wikipedia.org/w/index.php?title=2017_AFC_U-16_Women%27s_Championship&oldid=1314726875
2017-F-11,2017,final,Group stage,B,2017-09-17,"Chonburi Stadium, Chonburi",PRK,JPN,1,2,,,,,https://en.wikipedia.org/w/index.php?title=2017_AFC_U-16_Women%27s_Championship&oldid=1314726875
2017-F-12,2017,final,Group stage,B,2017-09-17,"IPE Chonburi Stadium, Chonburi",AUS,BAN,3,2,,,,,https://en.wikipedia.org/w/index.php?title=2017_AFC_U-16_Women%27s_Championship&oldid=1314726875
2017-F-13,2017,final,Semi-final,,2017-09-20,"Chonburi Stadium, Chonburi",CHN,PRK,0,1,,,,,https://en.wikipedia.org/w/index.php?title=2017_AFC_U-16_Women%27s_Championship&oldid=1314726875
2017-F-14,2017,final,Semi-final,,2017-09-20,"Chonburi Stadium, Chonburi",JPN,KOR,1,1,,2,4,No extra time in the source; straight to penalties,https://en.wikipedia.org/w/index.php?title=2017_AFC_U-16_Women%27s_Championship&oldid=1314726875
2017-F-15,2017,final,Third place,,2017-09-23,"Chonburi Stadium, Chonburi",CHN,JPN,0,1,,,,,https://en.wikipedia.org/w/index.php?title=2017_AFC_U-16_Women%27s_Championship&oldid=1314726875
2017-F-16,2017,final,Final,,2017-09-23,"Chonburi Stadium, Chonburi",PRK,KOR,2,0,,,,,https://en.wikipedia.org/w/index.php?title=2017_AFC_U-16_Women%27s_Championship&oldid=1314726875
2017-Q-R1-A-01,2017,qualifying,Round 1,A,2016-08-27,"Chonburi Stadium, Chonburi",MYA,LAO,2,5,,,,No readable AFC page (AFC report links are archive-only or return 404); result from the pinned Wikipedia revision,https://en.wikipedia.org/w/index.php?title=2017_AFC_U-16_Women%27s_Championship_qualification&oldid=1373231566
2017-Q-R1-A-02,2017,qualifying,Round 1,A,2016-08-27,"Chonburi Stadium, Chonburi",JOR,THA,1,2,,,,No readable AFC page (AFC report links are archive-only or return 404); result from the pinned Wikipedia revision,https://en.wikipedia.org/w/index.php?title=2017_AFC_U-16_Women%27s_Championship_qualification&oldid=1373231566
2017-Q-R1-A-03,2017,qualifying,Round 1,A,2016-08-29,"Chonburi Stadium, Chonburi",MYA,GUM,11,0,,,,No readable AFC page (AFC report links are archive-only or return 404); result from the pinned Wikipedia revision,https://en.wikipedia.org/w/index.php?title=2017_AFC_U-16_Women%27s_Championship_qualification&oldid=1373231566
2017-Q-R1-A-04,2017,qualifying,Round 1,A,2016-08-29,"Chonburi Stadium, Chonburi",THA,LAO,5,2,,,,No readable AFC page (AFC report links are archive-only or return 404); result from the pinned Wikipedia revision,https://en.wikipedia.org/w/index.php?title=2017_AFC_U-16_Women%27s_Championship_qualification&oldid=1373231566
2017-Q-R1-A-05,2017,qualifying,Round 1,A,2016-08-31,"Chonburi Stadium, Chonburi",LAO,JOR,2,0,,,,No readable AFC page (AFC report links are archive-only or return 404); result from the pinned Wikipedia revision,https://en.wikipedia.org/w/index.php?title=2017_AFC_U-16_Women%27s_Championship_qualification&oldid=1373231566
2017-Q-R1-A-06,2017,qualifying,Round 1,A,2016-08-31,"Chonburi Stadium, Chonburi",THA,GUM,4,0,,,,No readable AFC page (AFC report links are archive-only or return 404); result from the pinned Wikipedia revision,https://en.wikipedia.org/w/index.php?title=2017_AFC_U-16_Women%27s_Championship_qualification&oldid=1373231566
2017-Q-R1-A-07,2017,qualifying,Round 1,A,2016-09-03,"Chonburi Stadium, Chonburi",GUM,LAO,1,14,,,,No readable AFC page (AFC report links are archive-only or return 404); result from the pinned Wikipedia revision,https://en.wikipedia.org/w/index.php?title=2017_AFC_U-16_Women%27s_Championship_qualification&oldid=1373231566
2017-Q-R1-A-08,2017,qualifying,Round 1,A,2016-09-03,"Chonburi Stadium, Chonburi",MYA,JOR,4,2,,,,No readable AFC page (AFC report links are archive-only or return 404); result from the pinned Wikipedia revision,https://en.wikipedia.org/w/index.php?title=2017_AFC_U-16_Women%27s_Championship_qualification&oldid=1373231566
2017-Q-R1-A-09,2017,qualifying,Round 1,A,2016-09-05,"Chonburi Stadium, Chonburi",JOR,GUM,4,1,,,,No readable AFC page (AFC report links are archive-only or return 404); result from the pinned Wikipedia revision,https://en.wikipedia.org/w/index.php?title=2017_AFC_U-16_Women%27s_Championship_qualification&oldid=1373231566
2017-Q-R1-A-10,2017,qualifying,Round 1,A,2016-09-05,"Chonburi Stadium, Chonburi",THA,MYA,2,0,,,,No readable AFC page (AFC report links are archive-only or return 404); result from the pinned Wikipedia revision,https://en.wikipedia.org/w/index.php?title=2017_AFC_U-16_Women%27s_Championship_qualification&oldid=1373231566
2017-Q-R1-B-01,2017,qualifying,Round 1,B,2016-08-28,"Luneng Football School, Weifang",PHI,IND,2,0,,,,No readable AFC page (AFC report links are archive-only or return 404); result from the pinned Wikipedia revision,https://en.wikipedia.org/w/index.php?title=2017_AFC_U-16_Women%27s_Championship_qualification&oldid=1373231566
2017-Q-R1-B-02,2017,qualifying,Round 1,B,2016-08-28,"Luneng Football School, Weifang",MNP,MAS,1,2,,,,No readable AFC page (AFC report links are archive-only or return 404); result from the pinned Wikipedia revision,https://en.wikipedia.org/w/index.php?title=2017_AFC_U-16_Women%27s_Championship_qualification&oldid=1373231566
2017-Q-R1-B-03,2017,qualifying,Round 1,B,2016-08-30,"Luneng Football School, Weifang",MAS,KOR,0,13,,,,No readable AFC page (AFC report links are archive-only or return 404); result from the pinned Wikipedia revision,https://en.wikipedia.org/w/index.php?title=2017_AFC_U-16_Women%27s_Championship_qualification&oldid=1373231566
2017-Q-R1-B-04,2017,qualifying,Round 1,B,2016-08-30,"Luneng Football School, Weifang",MNP,PHI,0,13,,,,No readable AFC page (AFC report links are archive-only or return 404); result from the pinned Wikipedia revision,https://en.wikipedia.org/w/index.php?title=2017_AFC_U-16_Women%27s_Championship_qualification&oldid=1373231566
2017-Q-R1-B-05,2017,qualifying,Round 1,B,2016-09-01,"Luneng Football School, Weifang",KOR,MNP,11,0,,,,No readable AFC page (AFC report links are archive-only or return 404); result from the pinned Wikipedia revision,https://en.wikipedia.org/w/index.php?title=2017_AFC_U-16_Women%27s_Championship_qualification&oldid=1373231566
2017-Q-R1-B-06,2017,qualifying,Round 1,B,2016-09-01,"Luneng Football School, Weifang",IND,MAS,5,1,,,,No readable AFC page (AFC report links are archive-only or return 404); result from the pinned Wikipedia revision,https://en.wikipedia.org/w/index.php?title=2017_AFC_U-16_Women%27s_Championship_qualification&oldid=1373231566
2017-Q-R1-B-07,2017,qualifying,Round 1,B,2016-09-03,"Luneng Football School, Weifang",IND,MNP,4,1,,,,No readable AFC page (AFC report links are archive-only or return 404); result from the pinned Wikipedia revision,https://en.wikipedia.org/w/index.php?title=2017_AFC_U-16_Women%27s_Championship_qualification&oldid=1373231566
2017-Q-R1-B-08,2017,qualifying,Round 1,B,2016-09-03,"Luneng Football School, Weifang",PHI,KOR,0,7,,,,No readable AFC page (AFC report links are archive-only or return 404); result from the pinned Wikipedia revision,https://en.wikipedia.org/w/index.php?title=2017_AFC_U-16_Women%27s_Championship_qualification&oldid=1373231566
2017-Q-R1-B-09,2017,qualifying,Round 1,B,2016-09-05,"Luneng Football School, Weifang",MAS,PHI,0,5,,,,No readable AFC page (AFC report links are archive-only or return 404); result from the pinned Wikipedia revision,https://en.wikipedia.org/w/index.php?title=2017_AFC_U-16_Women%27s_Championship_qualification&oldid=1373231566
2017-Q-R1-B-10,2017,qualifying,Round 1,B,2016-09-05,"Luneng Football School, Weifang",KOR,IND,7,0,,,,No readable AFC page (AFC report links are archive-only or return 404); result from the pinned Wikipedia revision,https://en.wikipedia.org/w/index.php?title=2017_AFC_U-16_Women%27s_Championship_qualification&oldid=1373231566
2017-Q-R1-C-01,2017,qualifying,Round 1,C,2016-08-27,"Bangabandhu National Stadium, Dhaka",TPE,KGZ,7,1,,,,No readable AFC page (AFC report links are archive-only or return 404); result from the pinned Wikipedia revision,https://en.wikipedia.org/w/index.php?title=2017_AFC_U-16_Women%27s_Championship_qualification&oldid=1373231566
2017-Q-R1-C-02,2017,qualifying,Round 1,C,2016-08-27,"Bangabandhu National Stadium, Dhaka",UAE,SIN,2,2,,,,No readable AFC page (AFC report links are archive-only or return 404); result from the pinned Wikipedia revision,https://en.wikipedia.org/w/index.php?title=2017_AFC_U-16_Women%27s_Championship_qualification&oldid=1373231566
2017-Q-R1-C-03,2017,qualifying,Round 1,C,2016-08-27,"Bangabandhu National Stadium, Dhaka",BAN,IRN,3,0,,,,No readable AFC page (AFC report links are archive-only or return 404); result from the pinned Wikipedia revision,https://en.wikipedia.org/w/index.php?title=2017_AFC_U-16_Women%27s_Championship_qualification&oldid=1373231566
2017-Q-R1-C-04,2017,qualifying,Round 1,C,2016-08-29,"Bangabandhu National Stadium, Dhaka",IRN,KGZ,9,0,,,,No readable AFC page (AFC report links are archive-only or return 404); result from the pinned Wikipedia revision,https://en.wikipedia.org/w/index.php?title=2017_AFC_U-16_Women%27s_Championship_qualification&oldid=1373231566
2017-Q-R1-C-05,2017,qualifying,Round 1,C,2016-08-29,"Bangabandhu National Stadium, Dhaka",TPE,UAE,5,0,,,,No readable AFC page (AFC report links are archive-only or return 404); result from the pinned Wikipedia revision,https://en.wikipedia.org/w/index.php?title=2017_AFC_U-16_Women%27s_Championship_qualification&oldid=1373231566
2017-Q-R1-C-06,2017,qualifying,Round 1,C,2016-08-29,"Bangabandhu National Stadium, Dhaka",BAN,SIN,5,0,,,,No readable AFC page (AFC report links are archive-only or return 404); result from the pinned Wikipedia revision,https://en.wikipedia.org/w/index.php?title=2017_AFC_U-16_Women%27s_Championship_qualification&oldid=1373231566
2017-Q-R1-C-07,2017,qualifying,Round 1,C,2016-08-31,"Bangabandhu National Stadium, Dhaka",SIN,TPE,0,9,,,,No readable AFC page (AFC report links are archive-only or return 404); result from the pinned Wikipedia revision,https://en.wikipedia.org/w/index.php?title=2017_AFC_U-16_Women%27s_Championship_qualification&oldid=1373231566
2017-Q-R1-C-08,2017,qualifying,Round 1,C,2016-08-31,"Bangabandhu National Stadium, Dhaka",IRN,UAE,5,0,,,,No readable AFC page (AFC report links are archive-only or return 404); result from the pinned Wikipedia revision,https://en.wikipedia.org/w/index.php?title=2017_AFC_U-16_Women%27s_Championship_qualification&oldid=1373231566
2017-Q-R1-C-09,2017,qualifying,Round 1,C,2016-08-31,"Bangabandhu National Stadium, Dhaka",KGZ,BAN,0,10,,,,No readable AFC page (AFC report links are archive-only or return 404); result from the pinned Wikipedia revision,https://en.wikipedia.org/w/index.php?title=2017_AFC_U-16_Women%27s_Championship_qualification&oldid=1373231566
2017-Q-R1-C-10,2017,qualifying,Round 1,C,2016-09-03,"Bangabandhu National Stadium, Dhaka",SIN,IRN,0,11,,,,No readable AFC page (AFC report links are archive-only or return 404); result from the pinned Wikipedia revision,https://en.wikipedia.org/w/index.php?title=2017_AFC_U-16_Women%27s_Championship_qualification&oldid=1373231566
2017-Q-R1-C-11,2017,qualifying,Round 1,C,2016-09-03,"Bangabandhu National Stadium, Dhaka",UAE,KGZ,3,2,,,,No readable AFC page (AFC report links are archive-only or return 404); result from the pinned Wikipedia revision,https://en.wikipedia.org/w/index.php?title=2017_AFC_U-16_Women%27s_Championship_qualification&oldid=1373231566
2017-Q-R1-C-12,2017,qualifying,Round 1,C,2016-09-03,"Bangabandhu National Stadium, Dhaka",TPE,BAN,2,4,,,,No readable AFC page (AFC report links are archive-only or return 404); result from the pinned Wikipedia revision,https://en.wikipedia.org/w/index.php?title=2017_AFC_U-16_Women%27s_Championship_qualification&oldid=1373231566
2017-Q-R1-C-13,2017,qualifying,Round 1,C,2016-09-05,"Bangabandhu National Stadium, Dhaka",BAN,UAE,4,0,,,,No readable AFC page (AFC report links are archive-only or return 404); result from the pinned Wikipedia revision,https://en.wikipedia.org/w/index.php?title=2017_AFC_U-16_Women%27s_Championship_qualification&oldid=1373231566
2017-Q-R1-C-14,2017,qualifying,Round 1,C,2016-09-05,"Bangabandhu National Stadium, Dhaka",IRN,TPE,3,6,,,,No readable AFC page (AFC report links are archive-only or return 404); result from the pinned Wikipedia revision,https://en.wikipedia.org/w/index.php?title=2017_AFC_U-16_Women%27s_Championship_qualification&oldid=1373231566
2017-Q-R1-C-15,2017,qualifying,Round 1,C,2016-09-05,"Bangabandhu National Stadium, Dhaka",KGZ,SIN,2,1,,,,No readable AFC page (AFC report links are archive-only or return 404); result from the pinned Wikipedia revision,https://en.wikipedia.org/w/index.php?title=2017_AFC_U-16_Women%27s_Championship_qualification&oldid=1373231566
2017-Q-R1-D-01,2017,qualifying,Round 1,D,2016-08-25,"Vietnam YFT Center Field no.3, Hanoi",AUS,PLE,28,0,,,,No readable AFC page (AFC report links are archive-only or return 404); result from the pinned Wikipedia revision,https://en.wikipedia.org/w/index.php?title=2017_AFC_U-16_Women%27s_Championship_qualification&oldid=1373231566
2017-Q-R1-D-02,2017,qualifying,Round 1,D,2016-08-25,"Vietnam YFT Center Field no.1, Hanoi",HKG,IRQ,2,1,,,,No readable AFC page (AFC report links are archive-only); result from the pinned Wikipedia revision,https://en.wikipedia.org/w/index.php?title=2017_AFC_U-16_Women%27s_Championship_qualification&oldid=1373231566
2017-Q-R1-D-03,2017,qualifying,Round 1,D,2016-08-25,"Vietnam YFT Center Field no.3, Hanoi",VIE,UZB,2,1,,,,No readable AFC page (AFC report links are archive-only or return 404); result from the pinned Wikipedia revision,https://en.wikipedia.org/w/index.php?title=2017_AFC_U-16_Women%27s_Championship_qualification&oldid=1373231566
2017-Q-R1-D-04,2017,qualifying,Round 1,D,2016-08-27,"Vietnam YFT Center Field no.1, Hanoi",UZB,PLE,1,1,,,,No readable AFC page (AFC report links are archive-only or return 404); result from the pinned Wikipedia revision,https://en.wikipedia.org/w/index.php?title=2017_AFC_U-16_Women%27s_Championship_qualification&oldid=1373231566
2017-Q-R1-D-05,2017,qualifying,Round 1,D,2016-08-27,"Vietnam YFT Center Field no.3, Hanoi",AUS,HKG,14,0,,,,No readable AFC page (AFC report links are archive-only); result from the pinned Wikipedia revision,https://en.wikipedia.org/w/index.php?title=2017_AFC_U-16_Women%27s_Championship_qualification&oldid=1373231566
2017-Q-R1-D-06,2017,qualifying,Round 1,D,2016-08-27,"Vietnam YFT Center Field no.3, Hanoi",VIE,IRQ,3,0,,,,No readable AFC page (AFC report links are archive-only or return 404); result from the pinned Wikipedia revision,https://en.wikipedia.org/w/index.php?title=2017_AFC_U-16_Women%27s_Championship_qualification&oldid=1373231566
2017-Q-R1-D-07,2017,qualifying,Round 1,D,2016-08-29,"Vietnam YFT Center Field no.1, Hanoi",IRQ,AUS,0,8,,,,No readable AFC page (AFC report links are archive-only or return 404); result from the pinned Wikipedia revision,https://en.wikipedia.org/w/index.php?title=2017_AFC_U-16_Women%27s_Championship_qualification&oldid=1373231566
2017-Q-R1-D-08,2017,qualifying,Round 1,D,2016-08-29,"Vietnam YFT Center Field no.3, Hanoi",UZB,HKG,2,0,,,,No readable AFC page (AFC report links are archive-only); result from the pinned Wikipedia revision,https://en.wikipedia.org/w/index.php?title=2017_AFC_U-16_Women%27s_Championship_qualification&oldid=1373231566
2017-Q-R1-D-09,2017,qualifying,Round 1,D,2016-08-29,"Vietnam YFT Center Field no.3, Hanoi",PLE,VIE,0,9,,,,No readable AFC page (AFC report links are archive-only or return 404); result from the pinned Wikipedia revision,https://en.wikipedia.org/w/index.php?title=2017_AFC_U-16_Women%27s_Championship_qualification&oldid=1373231566
2017-Q-R1-D-10,2017,qualifying,Round 1,D,2016-09-01,"Vietnam YFT Center Field no.1, Hanoi",HKG,PLE,2,2,,,,No readable AFC page (AFC report links are archive-only); result from the pinned Wikipedia revision,https://en.wikipedia.org/w/index.php?title=2017_AFC_U-16_Women%27s_Championship_qualification&oldid=1373231566
2017-Q-R1-D-11,2017,qualifying,Round 1,D,2016-09-01,"Vietnam YFT Center Field no.3, Hanoi",IRQ,UZB,0,4,,,,No readable AFC page (AFC report links are archive-only or return 404); result from the pinned Wikipedia revision,https://en.wikipedia.org/w/index.php?title=2017_AFC_U-16_Women%27s_Championship_qualification&oldid=1373231566
2017-Q-R1-D-12,2017,qualifying,Round 1,D,2016-09-01,"Vietnam YFT Center Field no.3, Hanoi",AUS,VIE,6,0,,,,No readable AFC page (AFC report links are archive-only or return 404); result from the pinned Wikipedia revision,https://en.wikipedia.org/w/index.php?title=2017_AFC_U-16_Women%27s_Championship_qualification&oldid=1373231566
2017-Q-R1-D-13,2017,qualifying,Round 1,D,2016-09-03,"Vietnam YFT Center Field no.1, Hanoi",UZB,AUS,1,9,,,,No readable AFC page (AFC report links are archive-only or return 404); result from the pinned Wikipedia revision,https://en.wikipedia.org/w/index.php?title=2017_AFC_U-16_Women%27s_Championship_qualification&oldid=1373231566
2017-Q-R1-D-14,2017,qualifying,Round 1,D,2016-09-03,"Vietnam YFT Center Field no.3, Hanoi",PLE,IRQ,0,1,,,,No readable AFC page (AFC report links are archive-only or return 404); result from the pinned Wikipedia revision,https://en.wikipedia.org/w/index.php?title=2017_AFC_U-16_Women%27s_Championship_qualification&oldid=1373231566
2017-Q-R1-D-15,2017,qualifying,Round 1,D,2016-09-03,"Vietnam YFT Center Field no.3, Hanoi",VIE,HKG,5,0,,,,No readable AFC page (AFC report links are archive-only); result from the pinned Wikipedia revision,https://en.wikipedia.org/w/index.php?title=2017_AFC_U-16_Women%27s_Championship_qualification&oldid=1373231566
2019-F-01,2019,final,Group stage,A,2019-09-15,"IPE Chonburi Stadium, Chonburi",JPN,AUS,0,0,,,,,https://en.wikipedia.org/w/index.php?title=2019_AFC_U-16_Women%27s_Championship&oldid=1354058524
2019-F-02,2019,final,Group stage,A,2019-09-15,"Chonburi Stadium, Chonburi",THA,BAN,1,0,,,,,https://en.wikipedia.org/w/index.php?title=2019_AFC_U-16_Women%27s_Championship&oldid=1354058524
2019-F-03,2019,final,Group stage,B,2019-09-16,"IPE Chonburi Stadium, Chonburi",PRK,VIE,10,0,,,,,https://en.wikipedia.org/w/index.php?title=2019_AFC_U-16_Women%27s_Championship&oldid=1354058524
2019-F-04,2019,final,Group stage,B,2019-09-16,"Chonburi Stadium, Chonburi",KOR,CHN,0,2,,,,,https://en.wikipedia.org/w/index.php?title=2019_AFC_U-16_Women%27s_Championship&oldid=1354058524
2019-F-05,2019,final,Group stage,A,2019-09-18,"IPE Chonburi Stadium, Chonburi",BAN,JPN,0,9,,,,,https://en.wikipedia.org/w/index.php?title=2019_AFC_U-16_Women%27s_Championship&oldid=1354058524
2019-F-06,2019,final,Group stage,A,2019-09-18,"Chonburi Stadium, Chonburi",AUS,THA,6,1,,,,,https://en.wikipedia.org/w/index.php?title=2019_AFC_U-16_Women%27s_Championship&oldid=1354058524
2019-F-07,2019,final,Group stage,B,2019-09-19,"IPE Chonburi Stadium, Chonburi",CHN,PRK,0,4,,,,,https://en.wikipedia.org/w/index.php?title=2019_AFC_U-16_Women%27s_Championship&oldid=1354058524
2019-F-08,2019,final,Group stage,B,2019-09-19,"Chonburi Stadium, Chonburi",VIE,KOR,0,3,,,,,https://en.wikipedia.org/w/index.php?title=2019_AFC_U-16_Women%27s_Championship&oldid=1354058524
2019-F-09,2019,final,Group stage,A,2019-09-21,"Chonburi Stadium, Chonburi",THA,JPN,0,8,,,,,https://en.wikipedia.org/w/index.php?title=2019_AFC_U-16_Women%27s_Championship&oldid=1354058524
2019-F-10,2019,final,Group stage,A,2019-09-21,"IPE Chonburi Stadium, Chonburi",AUS,BAN,2,2,,,,,https://en.wikipedia.org/w/index.php?title=2019_AFC_U-16_Women%27s_Championship&oldid=1354058524
2019-F-11,2019,final,Group stage,B,2019-09-22,"Chonburi Stadium, Chonburi",PRK,KOR,3,0,,,,,https://en.wikipedia.org/w/index.php?title=2019_AFC_U-16_Women%27s_Championship&oldid=1354058524
2019-F-12,2019,final,Group stage,B,2019-09-22,"IPE Chonburi Stadium, Chonburi",CHN,VIE,1,0,,,,,https://en.wikipedia.org/w/index.php?title=2019_AFC_U-16_Women%27s_Championship&oldid=1354058524
2019-F-13,2019,final,Semi-final,,2019-09-25,"IPE Chonburi Stadium, Chonburi",PRK,AUS,3,0,,,,,https://en.wikipedia.org/w/index.php?title=2019_AFC_U-16_Women%27s_Championship&oldid=1354058524
2019-F-14,2019,final,Semi-final,,2019-09-25,"IPE Chonburi Stadium, Chonburi",JPN,CHN,2,0,,,,,https://en.wikipedia.org/w/index.php?title=2019_AFC_U-16_Women%27s_Championship&oldid=1354058524
2019-F-15,2019,final,Third place,,2019-09-28,"Chonburi Stadium, Chonburi",CHN,AUS,2,1,,,,,https://en.wikipedia.org/w/index.php?title=2019_AFC_U-16_Women%27s_Championship&oldid=1354058524
2019-F-16,2019,final,Final,,2019-09-28,"Chonburi Stadium, Chonburi",JPN,PRK,2,1,,,,,https://en.wikipedia.org/w/index.php?title=2019_AFC_U-16_Women%27s_Championship&oldid=1354058524
2019-Q-R1-A-01,2019,qualifying,Round 1,A,2018-09-15,"CR & FC Grounds, Colombo",JOR,UZB,0,0,,,,No readable AFC page (AFC report links are archive-only or return 404); result from the pinned Wikipedia revision,https://en.wikipedia.org/w/index.php?title=2019_AFC_U-16_Women%27s_Championship_qualification&oldid=1355020762
2019-Q-R1-A-02,2019,qualifying,Round 1,A,2018-09-15,"CR & FC Grounds, Colombo",SRI,GUM,2,4,,,,No readable AFC page (AFC report links are archive-only or return 404); result from the pinned Wikipedia revision,https://en.wikipedia.org/w/index.php?title=2019_AFC_U-16_Women%27s_Championship_qualification&oldid=1355020762
2019-Q-R1-A-03,2019,qualifying,Round 1,A,2018-09-17,"CR & FC Grounds, Colombo",GUM,CHN,0,20,,,,No readable AFC page (AFC report links are archive-only or return 404); result from the pinned Wikipedia revision,https://en.wikipedia.org/w/index.php?title=2019_AFC_U-16_Women%27s_Championship_qualification&oldid=1355020762
2019-Q-R1-A-04,2019,qualifying,Round 1,A,2018-09-17,"CR & FC Grounds, Colombo",SRI,JOR,0,7,,,,No readable AFC page (AFC report links are archive-only or return 404); result from the pinned Wikipedia revision,https://en.wikipedia.org/w/index.php?title=2019_AFC_U-16_Women%27s_Championship_qualification&oldid=1355020762
2019-Q-R1-A-05,2019,qualifying,Round 1,A,2018-09-19,"CR & FC Grounds, Colombo",UZB,GUM,3,1,,,,No readable AFC page (AFC report links are archive-only or return 404); result from the pinned Wikipedia revision,https://en.wikipedia.org/w/index.php?title=2019_AFC_U-16_Women%27s_Championship_qualification&oldid=1355020762
2019-Q-R1-A-06,2019,qualifying,Round 1,A,2018-09-19,"CR & FC Grounds, Colombo",CHN,SRI,17,0,,,,No readable AFC page (AFC report links are archive-only or return 404); result from the pinned Wikipedia revision,https://en.wikipedia.org/w/index.php?title=2019_AFC_U-16_Women%27s_Championship_qualification&oldid=1355020762
2019-Q-R1-A-07,2019,qualifying,Round 1,A,2018-09-21,"CR & FC Grounds, Colombo",JOR,CHN,0,9,,,,No readable AFC page (AFC report links are archive-only or return 404); result from the pinned Wikipedia revision,https://en.wikipedia.org/w/index.php?title=2019_AFC_U-16_Women%27s_Championship_qualification&oldid=1355020762
2019-Q-R1-A-08,2019,qualifying,Round 1,A,2018-09-21,"CR & FC Grounds, Colombo",UZB,SRI,4,0,,,,No readable AFC page (AFC report links are archive-only or return 404); result from the pinned Wikipedia revision,https://en.wikipedia.org/w/index.php?title=2019_AFC_U-16_Women%27s_Championship_qualification&oldid=1355020762
2019-Q-R1-A-09,2019,qualifying,Round 1,A,2018-09-23,"CR & FC Grounds, Colombo",GUM,JOR,0,9,,,,No readable AFC page (AFC report links are archive-only or return 404); result from the pinned Wikipedia revision,https://en.wikipedia.org/w/index.php?title=2019_AFC_U-16_Women%27s_Championship_qualification&oldid=1355020762
2019-Q-R1-A-10,2019,qualifying,Round 1,A,2018-09-23,"CR & FC Grounds, Colombo",CHN,UZB,8,0,,,,No readable AFC page (AFC report links are archive-only or return 404); result from the pinned Wikipedia revision,https://en.wikipedia.org/w/index.php?title=2019_AFC_U-16_Women%27s_Championship_qualification&oldid=1355020762
2019-Q-R1-B-01,2019,qualifying,Round 1,B,2018-09-15,"MFF Football Centre, Ulanbaatar",HKG,IND,1,6,,,,No readable AFC page (AFC report links are archive-only); result from the pinned Wikipedia revision,https://en.wikipedia.org/w/index.php?title=2019_AFC_U-16_Women%27s_Championship_qualification&oldid=1355020762
2019-Q-R1-B-02,2019,qualifying,Round 1,B,2018-09-15,"MFF Football Centre, Ulanbaatar",MGL,PAK,8,0,,,,No readable AFC page (AFC report links are archive-only or return 404); result from the pinned Wikipedia revision,https://en.wikipedia.org/w/index.php?title=2019_AFC_U-16_Women%27s_Championship_qualification&oldid=1355020762
2019-Q-R1-B-03,2019,qualifying,Round 1,B,2018-09-17,"MFF Football Centre, Ulanbaatar",PAK,LAO,0,3,,,,No readable AFC page (AFC report links are archive-only or return 404); result from the pinned Wikipedia revision,https://en.wikipedia.org/w/index.php?title=2019_AFC_U-16_Women%27s_Championship_qualification&oldid=1355020762
2019-Q-R1-B-04,2019,qualifying,Round 1,B,2018-09-17,"MFF Football Centre, Ulanbaatar",MGL,HKG,1,2,,,,No readable AFC page (AFC report links are archive-only); result from the pinned Wikipedia revision,https://en.wikipedia.org/w/index.php?title=2019_AFC_U-16_Women%27s_Championship_qualification&oldid=1355020762
2019-Q-R1-B-05,2019,qualifying,Round 1,B,2018-09-19,"MFF Football Centre, Ulanbaatar",IND,PAK,4,0,,,,No readable AFC page (AFC report links are archive-only or return 404); result from the pinned Wikipedia revision,https://en.wikipedia.org/w/index.php?title=2019_AFC_U-16_Women%27s_Championship_qualification&oldid=1355020762
2019-Q-R1-B-06,2019,qualifying,Round 1,B,2018-09-19,"MFF Football Centre, Ulanbaatar",LAO,MGL,4,0,,,,No readable AFC page (AFC report links are archive-only or return 404); result from the pinned Wikipedia revision,https://en.wikipedia.org/w/index.php?title=2019_AFC_U-16_Women%27s_Championship_qualification&oldid=1355020762
2019-Q-R1-B-07,2019,qualifying,Round 1,B,2018-09-21,"MFF Football Centre, Ulanbaatar",HKG,LAO,1,3,,,,No readable AFC page (AFC report links are archive-only); result from the pinned Wikipedia revision,https://en.wikipedia.org/w/index.php?title=2019_AFC_U-16_Women%27s_Championship_qualification&oldid=1355020762
2019-Q-R1-B-08,2019,qualifying,Round 1,B,2018-09-21,"MFF Football Centre, Ulanbaatar",IND,MGL,1,2,,,,No readable AFC page (AFC report links are archive-only or return 404); result from the pinned Wikipedia revision,https://en.wikipedia.org/w/index.php?title=2019_AFC_U-16_Women%27s_Championship_qualification&oldid=1355020762
2019-Q-R1-B-09,2019,qualifying,Round 1,B,2018-09-23,"MFF Football Centre, Ulanbaatar",PAK,HKG,0,5,,,,No readable AFC page (AFC report links are archive-only); result from the pinned Wikipedia revision,https://en.wikipedia.org/w/index.php?title=2019_AFC_U-16_Women%27s_Championship_qualification&oldid=1355020762
2019-Q-R1-B-10,2019,qualifying,Round 1,B,2018-09-23,"MFF Football Centre, Ulanbaatar",LAO,IND,1,1,,,,No readable AFC page (AFC report links are archive-only or return 404); result from the pinned Wikipedia revision,https://en.wikipedia.org/w/index.php?title=2019_AFC_U-16_Women%27s_Championship_qualification&oldid=1355020762
2019-Q-R1-C-01,2019,qualifying,Round 1,C,2018-09-15,"Hisor Central Stadium, Hisor",MNP,IRN,0,12,,,,No readable AFC page (AFC report links are archive-only or return 404); result from the pinned Wikipedia revision,https://en.wikipedia.org/w/index.php?title=2019_AFC_U-16_Women%27s_Championship_qualification&oldid=1355020762
2019-Q-R1-C-02,2019,qualifying,Round 1,C,2018-09-15,"Hisor Central Stadium, Hisor",TJK,SIN,1,4,,,,No readable AFC page (AFC report links are archive-only or return 404); result from the pinned Wikipedia revision,https://en.wikipedia.org/w/index.php?title=2019_AFC_U-16_Women%27s_Championship_qualification&oldid=1355020762
2019-Q-R1-C-03,2019,qualifying,Round 1,C,2018-09-17,"Hisor Central Stadium, Hisor",SIN,THA,0,6,,,,No readable AFC page (AFC report links are archive-only or return 404); result from the pinned Wikipedia revision,https://en.wikipedia.org/w/index.php?title=2019_AFC_U-16_Women%27s_Championship_qualification&oldid=1355020762
2019-Q-R1-C-04,2019,qualifying,Round 1,C,2018-09-17,"Hisor Central Stadium, Hisor",TJK,MNP,3,0,,,,No readable AFC page (AFC report links are archive-only or return 404); result from the pinned Wikipedia revision,https://en.wikipedia.org/w/index.php?title=2019_AFC_U-16_Women%27s_Championship_qualification&oldid=1355020762
2019-Q-R1-C-05,2019,qualifying,Round 1,C,2018-09-19,"Hisor Central Stadium, Hisor",IRN,SIN,4,0,,,,No readable AFC page (AFC report links are archive-only or return 404); result from the pinned Wikipedia revision,https://en.wikipedia.org/w/index.php?title=2019_AFC_U-16_Women%27s_Championship_qualification&oldid=1355020762
2019-Q-R1-C-06,2019,qualifying,Round 1,C,2018-09-19,"Hisor Central Stadium, Hisor",THA,TJK,8,0,,,,No readable AFC page (AFC report links are archive-only or return 404); result from the pinned Wikipedia revision,https://en.wikipedia.org/w/index.php?title=2019_AFC_U-16_Women%27s_Championship_qualification&oldid=1355020762
2019-Q-R1-C-07,2019,qualifying,Round 1,C,2018-09-21,"Hisor Central Stadium, Hisor",MNP,THA,0,8,,,,No readable AFC page (AFC report links are archive-only or return 404); result from the pinned Wikipedia revision,https://en.wikipedia.org/w/index.php?title=2019_AFC_U-16_Women%27s_Championship_qualification&oldid=1355020762
2019-Q-R1-C-08,2019,qualifying,Round 1,C,2018-09-21,"Hisor Central Stadium, Hisor",IRN,TJK,8,0,,,,No readable AFC page (AFC report links are archive-only or return 404); result from the pinned Wikipedia revision,https://en.wikipedia.org/w/index.php?title=2019_AFC_U-16_Women%27s_Championship_qualification&oldid=1355020762
2019-Q-R1-C-09,2019,qualifying,Round 1,C,2018-09-23,"Hisor Central Stadium, Hisor",SIN,MNP,4,0,,,,No readable AFC page (AFC report links are archive-only or return 404); result from the pinned Wikipedia revision,https://en.wikipedia.org/w/index.php?title=2019_AFC_U-16_Women%27s_Championship_qualification&oldid=1355020762
2019-Q-R1-C-10,2019,qualifying,Round 1,C,2018-09-23,"Hisor Central Stadium, Hisor",THA,IRN,3,1,,,,No readable AFC page (AFC report links are archive-only or return 404); result from the pinned Wikipedia revision,https://en.wikipedia.org/w/index.php?title=2019_AFC_U-16_Women%27s_Championship_qualification&oldid=1355020762
2019-Q-R1-D-01,2019,qualifying,Round 1,D,2018-09-15,"Dolen Omurzakov Stadium, Bishkek",IDN,PLE,3,2,,,,No readable AFC page (AFC report links are archive-only or return 404); result from the pinned Wikipedia revision,https://en.wikipedia.org/w/index.php?title=2019_AFC_U-16_Women%27s_Championship_qualification&oldid=1355020762
2019-Q-R1-D-02,2019,qualifying,Round 1,D,2018-09-15,"Dolen Omurzakov Stadium, Bishkek",KGZ,TPE,1,2,,,,No readable AFC page (AFC report links are archive-only or return 404); result from the pinned Wikipedia revision,https://en.wikipedia.org/w/index.php?title=2019_AFC_U-16_Women%27s_Championship_qualification&oldid=1355020762
2019-Q-R1-D-03,2019,qualifying,Round 1,D,2018-09-17,"Dolen Omurzakov Stadium, Bishkek",PLE,AUS,0,11,,,,No readable AFC page (AFC report links are archive-only or return 404); result from the pinned Wikipedia revision,https://en.wikipedia.org/w/index.php?title=2019_AFC_U-16_Women%27s_Championship_qualification&oldid=1355020762
2019-Q-R1-D-04,2019,qualifying,Round 1,D,2018-09-17,"Dolen Omurzakov Stadium, Bishkek",IDN,KGZ,3,0,,,,No readable AFC page (AFC report links are archive-only or return 404); result from the pinned Wikipedia revision,https://en.wikipedia.org/w/index.php?title=2019_AFC_U-16_Women%27s_Championship_qualification&oldid=1355020762
2019-Q-R1-D-05,2019,qualifying,Round 1,D,2018-09-19,"Dolen Omurzakov Stadium, Bishkek",AUS,IDN,11,0,,,,No readable AFC page (AFC report links are archive-only or return 404); result from the pinned Wikipedia revision,https://en.wikipedia.org/w/index.php?title=2019_AFC_U-16_Women%27s_Championship_qualification&oldid=1355020762
2019-Q-R1-D-06,2019,qualifying,Round 1,D,2018-09-19,"Dolen Omurzakov Stadium, Bishkek",TPE,PLE,8,0,,,,No readable AFC page (AFC report links are archive-only or return 404); result from the pinned Wikipedia revision,https://en.wikipedia.org/w/index.php?title=2019_AFC_U-16_Women%27s_Championship_qualification&oldid=1355020762
2019-Q-R1-D-07,2019,qualifying,Round 1,D,2018-09-21,"Dolen Omurzakov Stadium, Bishkek",TPE,IDN,3,1,,,,No readable AFC page (AFC report links are archive-only or return 404); result from the pinned Wikipedia revision,https://en.wikipedia.org/w/index.php?title=2019_AFC_U-16_Women%27s_Championship_qualification&oldid=1355020762
2019-Q-R1-D-08,2019,qualifying,Round 1,D,2018-09-21,"Dolen Omurzakov Stadium, Bishkek",KGZ,AUS,0,10,,,,No readable AFC page (AFC report links are archive-only or return 404); result from the pinned Wikipedia revision,https://en.wikipedia.org/w/index.php?title=2019_AFC_U-16_Women%27s_Championship_qualification&oldid=1355020762
2019-Q-R1-D-09,2019,qualifying,Round 1,D,2018-09-23,"Dolen Omurzakov Stadium, Bishkek",AUS,TPE,7,0,,,,No readable AFC page (AFC report links are archive-only or return 404); result from the pinned Wikipedia revision,https://en.wikipedia.org/w/index.php?title=2019_AFC_U-16_Women%27s_Championship_qualification&oldid=1355020762
2019-Q-R1-D-10,2019,qualifying,Round 1,D,2018-09-23,"Dolen Omurzakov Stadium, Bishkek",PLE,KGZ,1,2,,,,No readable AFC page (AFC report links are archive-only or return 404); result from the pinned Wikipedia revision,https://en.wikipedia.org/w/index.php?title=2019_AFC_U-16_Women%27s_Championship_qualification&oldid=1355020762
2019-Q-R1-E-01,2019,qualifying,Round 1,E,2018-09-19,"Halchowk Stadium, Kathmandu",MYA,MAS,3,0,,,,No readable AFC page (AFC report links are archive-only or return 404); result from the pinned Wikipedia revision,https://en.wikipedia.org/w/index.php?title=2019_AFC_U-16_Women%27s_Championship_qualification&oldid=1355020762
2019-Q-R1-E-02,2019,qualifying,Round 1,E,2018-09-19,"Halchowk Stadium, Kathmandu",PHI,NEP,4,0,,,,No readable AFC page (AFC report links are archive-only or return 404); result from the pinned Wikipedia revision,https://en.wikipedia.org/w/index.php?title=2019_AFC_U-16_Women%27s_Championship_qualification&oldid=1355020762
2019-Q-R1-E-03,2019,qualifying,Round 1,E,2018-09-21,"Halchowk Stadium, Kathmandu",MAS,PHI,0,1,,,,No readable AFC page (AFC report links are archive-only or return 404); result from the pinned Wikipedia revision,https://en.wikipedia.org/w/index.php?title=2019_AFC_U-16_Women%27s_Championship_qualification&oldid=1355020762
2019-Q-R1-E-04,2019,qualifying,Round 1,E,2018-09-21,"Halchowk Stadium, Kathmandu",NEP,MYA,1,11,,,,No readable AFC page (AFC report links are archive-only or return 404); result from the pinned Wikipedia revision,https://en.wikipedia.org/w/index.php?title=2019_AFC_U-16_Women%27s_Championship_qualification&oldid=1355020762
2019-Q-R1-E-05,2019,qualifying,Round 1,E,2018-09-23,"Halchowk Stadium, Kathmandu",PHI,MYA,1,5,,,,No readable AFC page (AFC report links are archive-only or return 404); result from the pinned Wikipedia revision,https://en.wikipedia.org/w/index.php?title=2019_AFC_U-16_Women%27s_Championship_qualification&oldid=1355020762
2019-Q-R1-E-06,2019,qualifying,Round 1,E,2018-09-23,"Halchowk Stadium, Kathmandu",MAS,NEP,4,4,,,,No readable AFC page (AFC report links are archive-only or return 404); result from the pinned Wikipedia revision,https://en.wikipedia.org/w/index.php?title=2019_AFC_U-16_Women%27s_Championship_qualification&oldid=1355020762
2019-Q-R1-F-01,2019,qualifying,Round 1,F,2018-09-15,"Bir Sherestha Shaheed Shipahi Mostafa Kamal Stadium, Dhaka",UAE,VIE,0,4,,,,No readable AFC page (AFC report links are archive-only or return 404); result from the pinned Wikipedia revision,https://en.wikipedia.org/w/index.php?title=2019_AFC_U-16_Women%27s_Championship_qualification&oldid=1355020762
2019-Q-R1-F-02,2019,qualifying,Round 1,F,2018-09-15,"Bir Sherestha Shaheed Shipahi Mostafa Kamal Stadium, Dhaka",LBN,BHR,8,0,,,,No readable AFC page (AFC report links are archive-only or return 404); result from the pinned Wikipedia revision,https://en.wikipedia.org/w/index.php?title=2019_AFC_U-16_Women%27s_Championship_qualification&oldid=1355020762
2019-Q-R1-F-03,2019,qualifying,Round 1,F,2018-09-17,"Bir Sherestha Shaheed Shipahi Mostafa Kamal Stadium, Dhaka",LBN,UAE,6,3,,,,No readable AFC page (AFC report links are archive-only or return 404); result from the pinned Wikipedia revision,https://en.wikipedia.org/w/index.php?title=2019_AFC_U-16_Women%27s_Championship_qualification&oldid=1355020762
2019-Q-R1-F-04,2019,qualifying,Round 1,F,2018-09-17,"Bir Sherestha Shaheed Shipahi Mostafa Kamal Stadium, Dhaka",BHR,BAN,0,10,,,,No readable AFC page (AFC report links are archive-only or return 404); result from the pinned Wikipedia revision,https://en.wikipedia.org/w/index.php?title=2019_AFC_U-16_Women%27s_Championship_qualification&oldid=1355020762
2019-Q-R1-F-05,2019,qualifying,Round 1,F,2018-09-19,"Bir Sherestha Shaheed Shipahi Mostafa Kamal Stadium, Dhaka",BAN,LBN,8,0,,,,No readable AFC page (AFC report links are archive-only or return 404); result from the pinned Wikipedia revision,https://en.wikipedia.org/w/index.php?title=2019_AFC_U-16_Women%27s_Championship_qualification&oldid=1355020762
2019-Q-R1-F-06,2019,qualifying,Round 1,F,2018-09-19,"Bir Sherestha Shaheed Shipahi Mostafa Kamal Stadium, Dhaka",VIE,BHR,14,0,,,,No readable AFC page (AFC report links are archive-only or return 404); result from the pinned Wikipedia revision,https://en.wikipedia.org/w/index.php?title=2019_AFC_U-16_Women%27s_Championship_qualification&oldid=1355020762
2019-Q-R1-F-07,2019,qualifying,Round 1,F,2018-09-21,"Bir Sherestha Shaheed Shipahi Mostafa Kamal Stadium, Dhaka",VIE,LBN,7,0,,,,No readable AFC page (AFC report links are archive-only or return 404); result from the pinned Wikipedia revision,https://en.wikipedia.org/w/index.php?title=2019_AFC_U-16_Women%27s_Championship_qualification&oldid=1355020762
2019-Q-R1-F-08,2019,qualifying,Round 1,F,2018-09-21,"Bir Sherestha Shaheed Shipahi Mostafa Kamal Stadium, Dhaka",UAE,BAN,0,7,,,,No readable AFC page (AFC report links are archive-only or return 404); result from the pinned Wikipedia revision,https://en.wikipedia.org/w/index.php?title=2019_AFC_U-16_Women%27s_Championship_qualification&oldid=1355020762
2019-Q-R1-F-09,2019,qualifying,Round 1,F,2018-09-23,"Bir Sherestha Shaheed Shipahi Mostafa Kamal Stadium, Dhaka",BHR,UAE,0,1,,,,No readable AFC page (AFC report links are archive-only or return 404); result from the pinned Wikipedia revision,https://en.wikipedia.org/w/index.php?title=2019_AFC_U-16_Women%27s_Championship_qualification&oldid=1355020762
2019-Q-R1-F-10,2019,qualifying,Round 1,F,2018-09-23,"Bir Sherestha Shaheed Shipahi Mostafa Kamal Stadium, Dhaka",BAN,VIE,2,0,,,,No readable AFC page (AFC report links are archive-only or return 404); result from the pinned Wikipedia revision,https://en.wikipedia.org/w/index.php?title=2019_AFC_U-16_Women%27s_Championship_qualification&oldid=1355020762
2019-Q-R2-A-01,2019,qualifying,Round 2,A,2019-03-03,"New Laos National Stadium, Vientiane",AUS,IRN,3,0,,,,No readable AFC page (AFC report links are archive-only or return 404); result from the pinned Wikipedia revision,https://en.wikipedia.org/w/index.php?title=2019_AFC_U-16_Women%27s_Championship_qualification&oldid=1355020762
2019-Q-R2-A-02,2019,qualifying,Round 2,A,2019-03-03,"New Laos National Stadium, Vientiane",LAO,VIE,0,1,,,,No readable AFC page (AFC report links are archive-only or return 404); result from the pinned Wikipedia revision,https://en.wikipedia.org/w/index.php?title=2019_AFC_U-16_Women%27s_Championship_qualification&oldid=1355020762
2019-Q-R2-A-03,2019,qualifying,Round 2,A,2019-03-05,"New Laos National Stadium, Vientiane",VIE,AUS,0,1,,,,No readable AFC page (AFC report links are archive-only or return 404); result from the pinned Wikipedia revision,https://en.wikipedia.org/w/index.php?title=2019_AFC_U-16_Women%27s_Championship_qualification&oldid=1355020762
2019-Q-R2-A-04,2019,qualifying,Round 2,A,2019-03-05,"New Laos National Stadium, Vientiane",IRN,LAO,0,2,,,,No readable AFC page (AFC report links are archive-only or return 404); result from the pinned Wikipedia revision,https://en.wikipedia.org/w/index.php?title=2019_AFC_U-16_Women%27s_Championship_qualification&oldid=1355020762
2019-Q-R2-A-05,2019,qualifying,Round 2,A,2019-03-07,"New Laos National Stadium, Vientiane",VIE,IRN,0,0,,,,No readable AFC page (AFC report links are archive-only or return 404); result from the pinned Wikipedia revision,https://en.wikipedia.org/w/index.php?title=2019_AFC_U-16_Women%27s_Championship_qualification&oldid=1355020762
2019-Q-R2-A-06,2019,qualifying,Round 2,A,2019-03-07,"New Laos National Stadium, Vientiane",AUS,LAO,3,0,,,,No readable AFC page (AFC report links are archive-only or return 404); result from the pinned Wikipedia revision,https://en.wikipedia.org/w/index.php?title=2019_AFC_U-16_Women%27s_Championship_qualification&oldid=1355020762
2019-Q-R2-B-01,2019,qualifying,Round 2,B,2019-02-27,"Mandalarthiri Stadium, Mandalay",BAN,PHI,10,0,,,,No readable AFC page (AFC report links are archive-only or return 404); result from the pinned Wikipedia revision,https://en.wikipedia.org/w/index.php?title=2019_AFC_U-16_Women%27s_Championship_qualification&oldid=1355020762
2019-Q-R2-B-02,2019,qualifying,Round 2,B,2019-02-27,"Mandalarthiri Stadium, Mandalay",CHN,MYA,5,0,,,,No readable AFC page (AFC report links are archive-only or return 404); result from the pinned Wikipedia revision,https://en.wikipedia.org/w/index.php?title=2019_AFC_U-16_Women%27s_Championship_qualification&oldid=1355020762
2019-Q-R2-B-03,2019,qualifying,Round 2,B,2019-03-01,"Mandalarthiri Stadium, Mandalay",PHI,CHN,0,7,,,,No readable AFC page (AFC report links are archive-only or return 404); result from the pinned Wikipedia revision,https://en.wikipedia.org/w/index.php?title=2019_AFC_U-16_Women%27s_Championship_qualification&oldid=1355020762
2019-Q-R2-B-04,2019,qualifying,Round 2,B,2019-03-01,"Mandalarthiri Stadium, Mandalay",MYA,BAN,0,1,,,,No readable AFC page (AFC report links are archive-only or return 404); result from the pinned Wikipedia revision,https://en.wikipedia.org/w/index.php?title=2019_AFC_U-16_Women%27s_Championship_qualification&oldid=1355020762
2019-Q-R2-B-05,2019,qualifying,Round 2,B,2019-03-03,"Mandalarthiri Stadium, Mandalay",CHN,BAN,3,0,,,,No readable AFC page (AFC report links are archive-only or return 404); result from the pinned Wikipedia revision,https://en.wikipedia.org/w/index.php?title=2019_AFC_U-16_Women%27s_Championship_qualification&oldid=1355020762
2019-Q-R2-B-06,2019,qualifying,Round 2,B,2019-03-03,"Mandalarthiri Stadium, Mandalay",PHI,MYA,0,3,,,,No readable AFC page (AFC report links are archive-only or return 404); result from the pinned Wikipedia revision,https://en.wikipedia.org/w/index.php?title=2019_AFC_U-16_Women%27s_Championship_qualification&oldid=1355020762
2024-F-01,2024,final,Group stage,A,2024-05-06,"Bali United Training Center, Gianyar",PRK,KOR,7,0,,,,AFC match centre: https://www.the-afc.com/en/matches/afc-u17-womens-asian-cup/2024/2435712,https://en.wikipedia.org/w/index.php?title=2024_AFC_U-17_Women%27s_Asian_Cup&oldid=1354652302
2024-F-02,2024,final,Group stage,A,2024-05-06,"Kapten I Wayan Dipta Stadium, Gianyar",IDN,PHI,1,6,,,,AFC match centre: https://www.the-afc.com/en/matches/afc-u17-womens-asian-cup/2024/2435717,https://en.wikipedia.org/w/index.php?title=2024_AFC_U-17_Women%27s_Asian_Cup&oldid=1354652302
2024-F-03,2024,final,Group stage,B,2024-05-07,"Bali United Training Center, Gianyar",CHN,AUS,3,0,,,,AFC match centre: https://www.the-afc.com/en/matches/afc-u17-womens-asian-cup/2024/2435722,https://en.wikipedia.org/w/index.php?title=2024_AFC_U-17_Women%27s_Asian_Cup&oldid=1354652302
2024-F-04,2024,final,Group stage,B,2024-05-07,"Kapten I Wayan Dipta Stadium, Gianyar",JPN,THA,4,0,,,,AFC match centre: https://www.the-afc.com/en/matches/afc-u17-womens-asian-cup/2024/2435725,https://en.wikipedia.org/w/index.php?title=2024_AFC_U-17_Women%27s_Asian_Cup&oldid=1354652302
2024-F-05,2024,final,Group stage,A,2024-05-09,"Bali United Training Center, Gianyar",PHI,PRK,0,6,,,,AFC match centre: https://www.the-afc.com/en/matches/afc-u17-womens-asian-cup/2024/2435732,https://en.wikipedia.org/w/index.php?title=2024_AFC_U-17_Women%27s_Asian_Cup&oldid=1354652302
2024-F-06,2024,final,Group stage,A,2024-05-09,"Kapten I Wayan Dipta Stadium, Gianyar",KOR,IDN,12,0,,,,AFC match centre: https://www.the-afc.com/en/matches/afc-u17-womens-asian-cup/2024/2435736,https://en.wikipedia.org/w/index.php?title=2024_AFC_U-17_Women%27s_Asian_Cup&oldid=1354652302
2024-F-07,2024,final,Group stage,B,2024-05-10,"Bali United Training Center, Gianyar",THA,CHN,0,3,,,,AFC match centre: https://www.the-afc.com/en/matches/afc-u17-womens-asian-cup/2024/2435727,https://en.wikipedia.org/w/index.php?title=2024_AFC_U-17_Women%27s_Asian_Cup&oldid=1354652302
2024-F-08,2024,final,Group stage,B,2024-05-10,"Kapten I Wayan Dipta Stadium, Gianyar",AUS,JPN,1,4,,,,AFC match centre: https://www.the-afc.com/en/matches/afc-u17-womens-asian-cup/2024/2435729,https://en.wikipedia.org/w/index.php?title=2024_AFC_U-17_Women%27s_Asian_Cup&oldid=1354652302
2024-F-09,2024,final,Group stage,A,2024-05-12,"Kapten I Wayan Dipta Stadium, Gianyar",IDN,PRK,0,9,,,,AFC match centre: https://www.the-afc.com/en/matches/afc-u17-womens-asian-cup/2024/2435743,https://en.wikipedia.org/w/index.php?title=2024_AFC_U-17_Women%27s_Asian_Cup&oldid=1354652302
2024-F-10,2024,final,Group stage,A,2024-05-12,"Bali United Training Center, Gianyar",KOR,PHI,1,1,,,,AFC match centre: https://www.the-afc.com/en/matches/afc-u17-womens-asian-cup/2024/2435739,https://en.wikipedia.org/w/index.php?title=2024_AFC_U-17_Women%27s_Asian_Cup&oldid=1354652302
2024-F-11,2024,final,Group stage,B,2024-05-13,"Kapten I Wayan Dipta Stadium, Gianyar",JPN,CHN,4,0,,,,AFC match centre: https://www.the-afc.com/en/matches/afc-u17-womens-asian-cup/2024/2435747,https://en.wikipedia.org/w/index.php?title=2024_AFC_U-17_Women%27s_Asian_Cup&oldid=1354652302
2024-F-12,2024,final,Group stage,B,2024-05-13,"Bali United Training Center, Gianyar",AUS,THA,1,3,,,,AFC match centre: https://www.the-afc.com/en/matches/afc-u17-womens-asian-cup/2024/2435746,https://en.wikipedia.org/w/index.php?title=2024_AFC_U-17_Women%27s_Asian_Cup&oldid=1354652302
2024-F-13,2024,final,Semi-final,,2024-05-16,"Kapten I Wayan Dipta Stadium, Gianyar",JPN,KOR,3,0,,,,Source conflict (owner decided to follow Wikipedia): Wikipedia pairs JPN–KOR and PRK–CHN; one line in the AFC MVP article (news/xxx_named_most_valuable_player_2.html) says Japan's semi-final win was against China PR; AFC match centre: https://www.the-afc.com/en/matches/afc-u17-womens-asian-cup/2024/2436173,https://en.wikipedia.org/w/index.php?title=2024_AFC_U-17_Women%27s_Asian_Cup&oldid=1354652302
2024-F-14,2024,final,Semi-final,,2024-05-16,"Kapten I Wayan Dipta Stadium, Gianyar",PRK,CHN,1,0,,,,Source conflict (owner decided to follow Wikipedia): Wikipedia pairs JPN–KOR and PRK–CHN; one line in the AFC MVP article (news/xxx_named_most_valuable_player_2.html) says Japan's semi-final win was against China PR; AFC match centre: https://www.the-afc.com/en/matches/afc-u17-womens-asian-cup/2024/2435790,https://en.wikipedia.org/w/index.php?title=2024_AFC_U-17_Women%27s_Asian_Cup&oldid=1354652302
2024-F-15,2024,final,Third place,,2024-05-19,"Kapten I Wayan Dipta Stadium, Gianyar",CHN,KOR,1,2,,,,AFC match centre: https://www.the-afc.com/en/matches/afc-u17-womens-asian-cup/2024/2435791; Also on Wikipedia oldid 1354652302,https://www.the-afc.com/en/national/afc_u17_womens_asian_cup/news/kim_overjoyed_as_korea_republic_overcome_adversity_to_finish_third.html
2024-F-16,2024,final,Final,,2024-05-19,"Kapten I Wayan Dipta Stadium, Gianyar",PRK,JPN,1,0,,,,AFC match centre: https://www.the-afc.com/en/matches/afc-u17-womens-asian-cup/2024/2435792; Also on Wikipedia oldid 1354652302,https://www.the-afc.com/en/national/afc_u17_womens_asian_cup/news/perfect_dpr_korea_claim_title.html
2024-Q-R1-A-01,2024,qualifying,Round 1,A,2023-04-26,"Buriram City Stadium, Buriram",MNP,THA,0,11,,,,"No readable AFC page (the AFC report link points to api.the-afc.com, not an allowed source); result from the pinned Wikipedia revision",https://en.wikipedia.org/w/index.php?title=2024_AFC_U-17_Women%27s_Asian_Cup_qualification&oldid=1343613819
2024-Q-R1-A-02,2024,qualifying,Round 1,A,2023-04-28,"Buriram City Stadium, Buriram",MAS,MNP,5,1,,,,"No readable AFC page (the AFC report link points to api.the-afc.com, not an allowed source); result from the pinned Wikipedia revision",https://en.wikipedia.org/w/index.php?title=2024_AFC_U-17_Women%27s_Asian_Cup_qualification&oldid=1343613819
2024-Q-R1-A-03,2024,qualifying,Round 1,A,2023-04-30,"Buriram City Stadium, Buriram",THA,MAS,11,0,,,,"No readable AFC page (the AFC report link points to api.the-afc.com, not an allowed source); result from the pinned Wikipedia revision",https://en.wikipedia.org/w/index.php?title=2024_AFC_U-17_Women%27s_Asian_Cup_qualification&oldid=1343613819
2024-Q-R1-B-01,2024,qualifying,Round 1,B,2023-04-24,"MFF Football Centre, Ulaanbaatar",MGL,AUS,0,11,,,,"No readable AFC page (the AFC report link points to api.the-afc.com, not an allowed source); result from the pinned Wikipedia revision",https://en.wikipedia.org/w/index.php?title=2024_AFC_U-17_Women%27s_Asian_Cup_qualification&oldid=1343613819
2024-Q-R1-B-02,2024,qualifying,Round 1,B,2023-04-26,"MFF Football Centre, Ulaanbaatar",TPE,MGL,3,0,,,,"No readable AFC page (the AFC report link points to api.the-afc.com, not an allowed source); result from the pinned Wikipedia revision",https://en.wikipedia.org/w/index.php?title=2024_AFC_U-17_Women%27s_Asian_Cup_qualification&oldid=1343613819
2024-Q-R1-B-03,2024,qualifying,Round 1,B,2023-04-28,"MFF Football Centre, Ulaanbaatar",AUS,TPE,3,0,,,,"No readable AFC page (the AFC report link points to api.the-afc.com, not an allowed source); result from the pinned Wikipedia revision",https://en.wikipedia.org/w/index.php?title=2024_AFC_U-17_Women%27s_Asian_Cup_qualification&oldid=1343613819
2024-Q-R1-C-01,2024,qualifying,Round 1,C,2023-04-22,"Vietnam YFTC Field No. 3, Hanoi",PLE,VIE,0,5,,,,"No readable AFC page (the AFC report link points to api.the-afc.com, not an allowed source); result from the pinned Wikipedia revision",https://en.wikipedia.org/w/index.php?title=2024_AFC_U-17_Women%27s_Asian_Cup_qualification&oldid=1343613819
2024-Q-R1-C-02,2024,qualifying,Round 1,C,2023-04-24,"Vietnam YFTC Field No. 3, Hanoi",UZB,PLE,2,1,,,,"No readable AFC page (the AFC report link points to api.the-afc.com, not an allowed source); result from the pinned Wikipedia revision",https://en.wikipedia.org/w/index.php?title=2024_AFC_U-17_Women%27s_Asian_Cup_qualification&oldid=1343613819
2024-Q-R1-C-03,2024,qualifying,Round 1,C,2023-04-26,"Vietnam YFTC Field No. 3, Hanoi",VIE,UZB,3,0,,,,"No readable AFC page (the AFC report link points to api.the-afc.com, not an allowed source); result from the pinned Wikipedia revision",https://en.wikipedia.org/w/index.php?title=2024_AFC_U-17_Women%27s_Asian_Cup_qualification&oldid=1343613819
2024-Q-R1-D-01,2024,qualifying,Round 1,D,2023-04-26,"Jalan Besar Stadium, Kallang",TKM,BAN,0,6,,,,"No readable AFC page (the AFC report link points to api.the-afc.com, not an allowed source); result from the pinned Wikipedia revision",https://en.wikipedia.org/w/index.php?title=2024_AFC_U-17_Women%27s_Asian_Cup_qualification&oldid=1343613819
2024-Q-R1-D-02,2024,qualifying,Round 1,D,2023-04-28,"Jalan Besar Stadium, Kallang",SIN,TKM,7,0,,,,"No readable AFC page (the AFC report link points to api.the-afc.com, not an allowed source); result from the pinned Wikipedia revision",https://en.wikipedia.org/w/index.php?title=2024_AFC_U-17_Women%27s_Asian_Cup_qualification&oldid=1343613819
2024-Q-R1-D-03,2024,qualifying,Round 1,D,2023-04-30,"Jalan Besar Stadium, Kallang",BAN,SIN,3,0,,,,"No readable AFC page (the AFC report link points to api.the-afc.com, not an allowed source); result from the pinned Wikipedia revision",https://en.wikipedia.org/w/index.php?title=2024_AFC_U-17_Women%27s_Asian_Cup_qualification&oldid=1343613819
2024-Q-R1-E-01,2024,qualifying,Round 1,E,2023-04-26,"Hisor Central Stadium, Hisor",TJK,KOR,0,16,,,,"No readable AFC page (the AFC report link points to api.the-afc.com, not an allowed source); result from the pinned Wikipedia revision",https://en.wikipedia.org/w/index.php?title=2024_AFC_U-17_Women%27s_Asian_Cup_qualification&oldid=1343613819
2024-Q-R1-E-02,2024,qualifying,Round 1,E,2023-04-28,"Hisor Central Stadium, Hisor",HKG,TJK,3,0,,,,"No readable AFC page (the AFC report link points to api.the-afc.com, not an allowed source); result from the pinned Wikipedia revision",https://en.wikipedia.org/w/index.php?title=2024_AFC_U-17_Women%27s_Asian_Cup_qualification&oldid=1343613819
2024-Q-R1-E-03,2024,qualifying,Round 1,E,2023-04-30,"Hisor Central Stadium, Hisor",KOR,HKG,12,0,,,,"No readable AFC page (the AFC report link points to api.the-afc.com, not an allowed source); result from the pinned Wikipedia revision",https://en.wikipedia.org/w/index.php?title=2024_AFC_U-17_Women%27s_Asian_Cup_qualification&oldid=1343613819
2024-Q-R1-F-01,2024,qualifying,Round 1,F,2023-04-24,"Dolen Omurzakov Stadium, Bishkek",KGZ,MYA,0,1,,,,"No readable AFC page (the AFC report link points to api.the-afc.com, not an allowed source); result from the pinned Wikipedia revision",https://en.wikipedia.org/w/index.php?title=2024_AFC_U-17_Women%27s_Asian_Cup_qualification&oldid=1343613819
2024-Q-R1-F-02,2024,qualifying,Round 1,F,2023-04-26,"Dolen Omurzakov Stadium, Bishkek",IND,KGZ,1,0,,,,"No readable AFC page (the AFC report link points to api.the-afc.com, not an allowed source); result from the pinned Wikipedia revision",https://en.wikipedia.org/w/index.php?title=2024_AFC_U-17_Women%27s_Asian_Cup_qualification&oldid=1343613819
2024-Q-R1-F-03,2024,qualifying,Round 1,F,2023-04-28,"Dolen Omurzakov Stadium, Bishkek",MYA,IND,1,2,,,,"No readable AFC page (the AFC report link points to api.the-afc.com, not an allowed source); result from the pinned Wikipedia revision",https://en.wikipedia.org/w/index.php?title=2024_AFC_U-17_Women%27s_Asian_Cup_qualification&oldid=1343613819
2024-Q-R1-G-01,2024,qualifying,Round 1,G,2023-04-22,"GFA National Training Center, Dededo",GUM,PHI,1,3,,,,"No readable AFC page (the AFC report link points to api.the-afc.com, not an allowed source); result from the pinned Wikipedia revision",https://en.wikipedia.org/w/index.php?title=2024_AFC_U-17_Women%27s_Asian_Cup_qualification&oldid=1343613819
2024-Q-R1-G-02,2024,qualifying,Round 1,G,2023-04-24,"GFA National Training Center, Dededo",LBN,GUM,5,2,,,,"No readable AFC page (the AFC report link points to api.the-afc.com, not an allowed source); result from the pinned Wikipedia revision",https://en.wikipedia.org/w/index.php?title=2024_AFC_U-17_Women%27s_Asian_Cup_qualification&oldid=1343613819
2024-Q-R1-G-03,2024,qualifying,Round 1,G,2023-04-26,"GFA National Training Center, Dededo",PHI,LBN,2,0,,,,"No readable AFC page (the AFC report link points to api.the-afc.com, not an allowed source); result from the pinned Wikipedia revision",https://en.wikipedia.org/w/index.php?title=2024_AFC_U-17_Women%27s_Asian_Cup_qualification&oldid=1343613819
2024-Q-R1-H-01,2024,qualifying,Round 1,H,2023-04-26,"Prince Mohammed Stadium, Zarqa",NEP,IRN,0,1,,,,"No readable AFC page (the AFC report link points to api.the-afc.com, not an allowed source); result from the pinned Wikipedia revision",https://en.wikipedia.org/w/index.php?title=2024_AFC_U-17_Women%27s_Asian_Cup_qualification&oldid=1343613819
2024-Q-R1-H-02,2024,qualifying,Round 1,H,2023-04-28,"Prince Mohammed Stadium, Zarqa",JOR,NEP,1,4,,,,"No readable AFC page (the AFC report link points to api.the-afc.com, not an allowed source); result from the pinned Wikipedia revision",https://en.wikipedia.org/w/index.php?title=2024_AFC_U-17_Women%27s_Asian_Cup_qualification&oldid=1343613819
2024-Q-R1-H-03,2024,qualifying,Round 1,H,2023-04-30,"Prince Mohammed Stadium, Zarqa",IRN,JOR,7,1,,,,"No readable AFC page (the AFC report link points to api.the-afc.com, not an allowed source); result from the pinned Wikipedia revision",https://en.wikipedia.org/w/index.php?title=2024_AFC_U-17_Women%27s_Asian_Cup_qualification&oldid=1343613819
2024-Q-R2-A-01,2024,qualifying,Round 2,A,2023-09-19,"Buriram City Stadium, Buriram",KOR,IND,8,0,,,,Also on Wikipedia oldid 1343613819,https://www.the-afc.com/en/national/afc_u17_womens_asian_cup/news/qualifiers_round_2_-_group_a_korea_republic_8-0_india_thailand_6-0_ir_iran_1.html
2024-Q-R2-A-02,2024,qualifying,Round 2,A,2023-09-19,"Buriram City Stadium, Buriram",THA,IRN,6,0,,,,Also on Wikipedia oldid 1343613819,https://www.the-afc.com/en/national/afc_u17_womens_asian_cup/news/qualifiers_round_2_-_group_a_korea_republic_8-0_india_thailand_6-0_ir_iran_1.html
2024-Q-R2-A-03,2024,qualifying,Round 2,A,2023-09-21,"Buriram City Stadium, Buriram",IRN,KOR,0,8,,,,Also on Wikipedia oldid 1343613819,https://www.the-afc.com/en/national/afc_u17_womens_asian_cup/news/qualifiers_round_2_-_group_a_korea_republic_thailand_advance_to_finals_1.html
2024-Q-R2-A-04,2024,qualifying,Round 2,A,2023-09-21,"Buriram City Stadium, Buriram",IND,THA,0,4,,,,Also on Wikipedia oldid 1343613819,https://www.the-afc.com/en/national/afc_u17_womens_asian_cup/news/qualifiers_round_2_-_group_a_korea_republic_thailand_advance_to_finals_1.html
2024-Q-R2-A-05,2024,qualifying,Round 2,A,2023-09-23,"Buriram City Stadium, Buriram",IRN,IND,0,3,,,,Also on Wikipedia oldid 1343613819,https://www.the-afc.com/en/national/afc_u17_womens_asian_cup/news/qualifiers_round_two_korea_republic_seal_group_a_top_spot_in_style_1.html
2024-Q-R2-A-06,2024,qualifying,Round 2,A,2023-09-23,"Buriram City Stadium, Buriram",KOR,THA,7,2,,,,Also on Wikipedia oldid 1343613819,https://www.the-afc.com/en/national/afc_u17_womens_asian_cup/news/qualifiers_round_two_korea_republic_seal_group_a_top_spot_in_style_1.html
2024-Q-R2-B-01,2024,qualifying,Round 2,B,2023-09-20,"Vietnam Youth Football Training Center, Hanoi",AUS,PHI,6,2,,,,Also on Wikipedia oldid 1343613819,https://www.the-afc.com/en/national/afc_u17_womens_asian_cup/news/qualifiers_round_2_-_group_b_australia_6-2_philippines_bangladesh_0-2_vietnam_1.html
2024-Q-R2-B-02,2024,qualifying,Round 2,B,2023-09-20,"Vietnam Youth Football Training Center, Hanoi",BAN,VIE,0,2,,,,Also on Wikipedia oldid 1343613819,https://www.the-afc.com/en/national/afc_u17_womens_asian_cup/news/qualifiers_round_2_-_group_b_australia_6-2_philippines_bangladesh_0-2_vietnam_1.html
2024-Q-R2-B-03,2024,qualifying,Round 2,B,2023-09-22,"Vietnam Youth Football Training Center, Hanoi",PHI,BAN,3,1,,,,Also on Wikipedia oldid 1343613819,https://www.the-afc.com/en/national/afc_u17_womens_asian_cup/news/qualifiers_round_2_australia_first_to_qualify_from_group_b_1.html
2024-Q-R2-B-04,2024,qualifying,Round 2,B,2023-09-22,"Vietnam Youth Football Training Center, Hanoi",VIE,AUS,1,2,,,,Also on Wikipedia oldid 1343613819,https://www.the-afc.com/en/national/afc_u17_womens_asian_cup/news/qualifiers_round_2_australia_first_to_qualify_from_group_b_1.html
2024-Q-R2-B-05,2024,qualifying,Round 2,B,2023-09-24,"Vietnam Youth Football Training Center, Hanoi",AUS,BAN,4,0,,,,No readable AFC page found; result from the pinned Wikipedia revision,https://en.wikipedia.org/w/index.php?title=2024_AFC_U-17_Women%27s_Asian_Cup_qualification&oldid=1343613819
2024-Q-R2-B-06,2024,qualifying,Round 2,B,2023-09-24,"Vietnam Youth Football Training Center, Hanoi",VIE,PHI,0,1,,,,No readable AFC page found; result from the pinned Wikipedia revision,https://en.wikipedia.org/w/index.php?title=2024_AFC_U-17_Women%27s_Asian_Cup_qualification&oldid=1343613819
2026-F-01,2026,final,Group stage,A,2026-05-01,"Suzhou Taihu Football Sports Centre Pitch 1, Suzhou",THA,VIE,2,2,,,,AFC match centre: https://www.the-afc.com/en/matches/afc-u17-womens-asian-cup/2026/2626799,https://en.wikipedia.org/w/index.php?title=2026_AFC_U-17_Women%27s_Asian_Cup&oldid=1376137770
2026-F-02,2026,final,Group stage,A,2026-05-01,"Suzhou Sports Centre Stadium, Suzhou",CHN,MYA,6,0,,,,AFC match centre: https://www.the-afc.com/en/matches/afc-u17-womens-asian-cup/2026/2626798,https://en.wikipedia.org/w/index.php?title=2026_AFC_U-17_Women%27s_Asian_Cup&oldid=1376137770
2026-F-03,2026,final,Group stage,B,2026-05-02,"Suzhou Taihu Football Sports Centre Pitch 4, Suzhou",JPN,LBN,13,0,,,,AFC match centre: https://www.the-afc.com/en/matches/afc-u17-womens-asian-cup/2026/2626804,https://en.wikipedia.org/w/index.php?title=2026_AFC_U-17_Women%27s_Asian_Cup&oldid=1376137770
2026-F-04,2026,final,Group stage,C,2026-05-02,"Suzhou Taihu Football Sports Centre Pitch 8, Suzhou",KOR,PHI,5,0,,,,AFC match centre: https://www.the-afc.com/en/matches/afc-u17-womens-asian-cup/2026/2626811,https://en.wikipedia.org/w/index.php?title=2026_AFC_U-17_Women%27s_Asian_Cup&oldid=1376137770
2026-F-05,2026,final,Group stage,B,2026-05-02,"Suzhou Taihu Football Sports Centre Pitch 8, Suzhou",AUS,IND,2,0,,,,AFC match centre: https://www.the-afc.com/en/matches/afc-u17-womens-asian-cup/2026/2626805,https://en.wikipedia.org/w/index.php?title=2026_AFC_U-17_Women%27s_Asian_Cup&oldid=1376137770
2026-F-06,2026,final,Group stage,C,2026-05-02,"Suzhou Taihu Football Sports Centre Pitch 4, Suzhou",PRK,TPE,10,0,,,,AFC match centre: https://www.the-afc.com/en/matches/afc-u17-womens-asian-cup/2026/2626810,https://en.wikipedia.org/w/index.php?title=2026_AFC_U-17_Women%27s_Asian_Cup&oldid=1376137770
2026-F-07,2026,final,Group stage,A,2026-05-04,"Suzhou Taihu Football Sports Centre Pitch 1, Suzhou",MYA,THA,0,1,,,,AFC match centre: https://www.the-afc.com/en/matches/afc-u17-womens-asian-cup/2026/2626800,https://en.wikipedia.org/w/index.php?title=2026_AFC_U-17_Women%27s_Asian_Cup&oldid=1376137770
2026-F-08,2026,final,Group stage,A,2026-05-04,"Suzhou Taihu Football Sports Centre Pitch 1, Suzhou",VIE,CHN,0,3,,,,AFC match centre: https://www.the-afc.com/en/matches/afc-u17-womens-asian-cup/2026/2626801,https://en.wikipedia.org/w/index.php?title=2026_AFC_U-17_Women%27s_Asian_Cup&oldid=1376137770
2026-F-09,2026,final,Group stage,B,2026-05-05,"Suzhou Taihu Football Sports Centre Pitch 8, Suzhou",LBN,AUS,1,1,,,,AFC match centre: https://www.the-afc.com/en/matches/afc-u17-womens-asian-cup/2026/2626807,https://en.wikipedia.org/w/index.php?title=2026_AFC_U-17_Women%27s_Asian_Cup&oldid=1376137770
2026-F-10,2026,final,Group stage,C,2026-05-05,"Suzhou Taihu Football Sports Centre Pitch 4, Suzhou",TPE,KOR,0,4,,,,AFC match centre: https://www.the-afc.com/en/matches/afc-u17-womens-asian-cup/2026/2626812,https://en.wikipedia.org/w/index.php?title=2026_AFC_U-17_Women%27s_Asian_Cup&oldid=1376137770
2026-F-11,2026,final,Group stage,B,2026-05-05,"Suzhou Taihu Football Sports Centre Pitch 4, Suzhou",IND,JPN,0,3,,,,AFC match centre: https://www.the-afc.com/en/matches/afc-u17-womens-asian-cup/2026/2626806,https://en.wikipedia.org/w/index.php?title=2026_AFC_U-17_Women%27s_Asian_Cup&oldid=1376137770
2026-F-12,2026,final,Group stage,C,2026-05-05,"Suzhou Taihu Football Sports Centre Pitch 8, Suzhou",PHI,PRK,0,8,,,,AFC match centre: https://www.the-afc.com/en/matches/afc-u17-womens-asian-cup/2026/2626813,https://en.wikipedia.org/w/index.php?title=2026_AFC_U-17_Women%27s_Asian_Cup&oldid=1376137770
2026-F-13,2026,final,Group stage,A,2026-05-07,"Suzhou Taihu Football Sports Centre Pitch 1, Suzhou",CHN,THA,6,0,,,,AFC match centre: https://www.the-afc.com/en/matches/afc-u17-womens-asian-cup/2026/2626802,https://en.wikipedia.org/w/index.php?title=2026_AFC_U-17_Women%27s_Asian_Cup&oldid=1376137770
2026-F-14,2026,final,Group stage,A,2026-05-07,"Suzhou Taihu Football Sports Centre Pitch 8, Suzhou",VIE,MYA,2,1,,,,AFC match centre: https://www.the-afc.com/en/matches/afc-u17-womens-asian-cup/2026/2626803,https://en.wikipedia.org/w/index.php?title=2026_AFC_U-17_Women%27s_Asian_Cup&oldid=1376137770
2026-F-15,2026,final,Group stage,B,2026-05-08,"Suzhou Taihu Football Sports Centre Pitch 4, Suzhou",JPN,AUS,5,0,,,,AFC match centre: https://www.the-afc.com/en/matches/afc-u17-womens-asian-cup/2026/2626808,https://en.wikipedia.org/w/index.php?title=2026_AFC_U-17_Women%27s_Asian_Cup&oldid=1376137770
2026-F-16,2026,final,Group stage,B,2026-05-08,"Suzhou Taihu Football Sports Centre Pitch 8, Suzhou",IND,LBN,4,0,,,,AFC match centre: https://www.the-afc.com/en/matches/afc-u17-womens-asian-cup/2026/2626809,https://en.wikipedia.org/w/index.php?title=2026_AFC_U-17_Women%27s_Asian_Cup&oldid=1376137770
2026-F-17,2026,final,Group stage,C,2026-05-08,"Suzhou Taihu Football Sports Centre Pitch 4, Suzhou",PRK,KOR,3,0,,,,AFC match centre: https://www.the-afc.com/en/matches/afc-u17-womens-asian-cup/2026/2626814,https://en.wikipedia.org/w/index.php?title=2026_AFC_U-17_Women%27s_Asian_Cup&oldid=1376137770
2026-F-18,2026,final,Group stage,C,2026-05-08,"Suzhou Taihu Football Sports Centre Pitch 8, Suzhou",PHI,TPE,0,0,,,,AFC match centre: https://www.the-afc.com/en/matches/afc-u17-womens-asian-cup/2026/2626815,https://en.wikipedia.org/w/index.php?title=2026_AFC_U-17_Women%27s_Asian_Cup&oldid=1376137770
2026-F-19,2026,final,Quarter-final,,2026-05-11,"Suzhou Taihu Football Sports Centre Pitch 1, Suzhou",JPN,KOR,1,0,,,,AFC match centre: https://www.the-afc.com/en/matches/afc-u17-womens-asian-cup/2026/2626818,https://en.wikipedia.org/w/index.php?title=2026_AFC_U-17_Women%27s_Asian_Cup&oldid=1376137770
2026-F-20,2026,final,Quarter-final,,2026-05-11,"Suzhou Sports Centre Stadium, Suzhou",VIE,AUS,0,2,,,,AFC match centre: https://www.the-afc.com/en/matches/afc-u17-womens-asian-cup/2026/2626816,https://en.wikipedia.org/w/index.php?title=2026_AFC_U-17_Women%27s_Asian_Cup&oldid=1376137770
2026-F-21,2026,final,Quarter-final,,2026-05-11,"Suzhou Sports Centre Stadium, Suzhou",CHN,IND,3,0,,,,AFC match centre: https://www.the-afc.com/en/matches/afc-u17-womens-asian-cup/2026/2626817,https://en.wikipedia.org/w/index.php?title=2026_AFC_U-17_Women%27s_Asian_Cup&oldid=1376137770
2026-F-22,2026,final,Quarter-final,,2026-05-11,"Suzhou Taihu Football Sports Centre Pitch 1, Suzhou",PRK,THA,6,0,,,,AFC match centre: https://www.the-afc.com/en/matches/afc-u17-womens-asian-cup/2026/2626819,https://en.wikipedia.org/w/index.php?title=2026_AFC_U-17_Women%27s_Asian_Cup&oldid=1376137770
2026-F-23,2026,final,Semi-final,,2026-05-14,"Suzhou Sports Centre Stadium, Suzhou",JPN,AUS,4,0,,,,AFC match centre: https://www.the-afc.com/en/matches/afc-u17-womens-asian-cup/2026/2626820,https://en.wikipedia.org/w/index.php?title=2026_AFC_U-17_Women%27s_Asian_Cup&oldid=1376137770
2026-F-24,2026,final,Semi-final,,2026-05-14,"Suzhou Sports Centre Stadium, Suzhou",CHN,PRK,2,4,,,,AFC match centre: https://www.the-afc.com/en/matches/afc-u17-womens-asian-cup/2026/2626821,https://en.wikipedia.org/w/index.php?title=2026_AFC_U-17_Women%27s_Asian_Cup&oldid=1376137770
2026-F-25,2026,final,Final,,2026-05-17,"Suzhou Sports Centre Stadium, Suzhou",PRK,JPN,5,1,,,,AFC match centre: https://www.the-afc.com/en/matches/afc-u17-womens-asian-cup/2026/2626848; Also on Wikipedia oldid 1376137770,https://www.the-afc.com/en/national/afc_u17_womens_asian_cup.html/news/u17wac-dpr-korea-power-to-record-fifth-title
2026-Q-R1-A-01,2026,qualifying,Round 1,A,2025-10-13,"Pamir Stadium, Dushanbe",PHI,SYR,5,0,,,,Also on Wikipedia oldid 1364402581,https://www.the-afc.com/en/national/afc_u17_womens_asian_cup.html/news/qualifiers-group-a-philippines-5-0-syria-malaysia-2-0-tajikistan
2026-Q-R1-A-02,2026,qualifying,Round 1,A,2025-10-13,"Pamir Stadium, Dushanbe",MAS,TJK,2,0,,,,Also on Wikipedia oldid 1364402581,https://www.the-afc.com/en/national/afc_u17_womens_asian_cup.html/news/qualifiers-group-a-philippines-5-0-syria-malaysia-2-0-tajikistan
2026-Q-R1-A-03,2026,qualifying,Round 1,A,2025-10-15,"Pamir Stadium, Dushanbe",SYR,MAS,0,1,,,,Also on Wikipedia oldid 1364402581,https://www.the-afc.com/en/national/afc_u17_womens_asian_cup.html/news/qualifiers-group-a-syria-0-1-malaysia-tajikistan-0-2-philippines
2026-Q-R1-A-04,2026,qualifying,Round 1,A,2025-10-15,"Pamir Stadium, Dushanbe",TJK,PHI,0,2,,,,Also on Wikipedia oldid 1364402581,https://www.the-afc.com/en/national/afc_u17_womens_asian_cup.html/news/qualifiers-group-a-syria-0-1-malaysia-tajikistan-0-2-philippines
2026-Q-R1-A-05,2026,qualifying,Round 1,A,2025-10-17,"Pamir Stadium, Dushanbe",PHI,MAS,4,0,,,,Also on Wikipedia oldid 1364402581,https://www.the-afc.com/en/national/afc_u17_womens_asian_cup.html/news/qualifiers-group-a-philippines-4-0-malaysia
2026-Q-R1-A-06,2026,qualifying,Round 1,A,2025-10-17,"Pamir Stadium, Dushanbe",TJK,SYR,0,1,,,,Also on Wikipedia oldid 1364402581,https://www.the-afc.com/en/national/afc_u17_womens_asian_cup.html/news/qualifiers-group-a-philippines-4-0-malaysia-tajikistan-0-1-syria
2026-Q-R1-B-01,2026,qualifying,Round 1,B,2025-10-13,"Prince Saud bin Jalawi Stadium, Khobar",LBN,KUW,9,0,,,,Also on Wikipedia oldid 1364402581,https://www.the-afc.com/en/national/afc_u17_womens_asian_cup.html/news/qualifiers-group-b-lebanon-9-0-kuwait-ir-iran-2-0-saudi-arabia
2026-Q-R1-B-02,2026,qualifying,Round 1,B,2025-10-13,"Prince Saud bin Jalawi Stadium, Khobar",IRN,KSA,2,0,,,,Also on Wikipedia oldid 1364402581,https://www.the-afc.com/en/national/afc_u17_womens_asian_cup.html/news/qualifiers-group-b-lebanon-9-0-kuwait-ir-iran-2-0-saudi-arabia
2026-Q-R1-B-03,2026,qualifying,Round 1,B,2025-10-15,"Prince Saud bin Jalawi Stadium, Khobar",KUW,IRN,0,10,,,,Also on Wikipedia oldid 1364402581,https://www.the-afc.com/en/national/afc_u17_womens_asian_cup.html/news/qualifiers-group-b-kuwait-0-10-ir-iran
2026-Q-R1-B-04,2026,qualifying,Round 1,B,2025-10-15,"Prince Saud bin Jalawi Stadium, Khobar",KSA,LBN,2,2,,,,Also on Wikipedia oldid 1364402581,https://www.the-afc.com/en/national/afc_u17_womens_asian_cup.html/news/qualifiers-group-b-kuwait-0-10-ir-iran-saudi-arabia-2-2-lebanon
2026-Q-R1-B-05,2026,qualifying,Round 1,B,2025-10-17,"Prince Saud bin Jalawi Stadium, Khobar",IRN,LBN,0,2,,,,Also on Wikipedia oldid 1364402581,https://www.the-afc.com/en/national/afc_u17_womens_asian_cup.html/news/qualifiers-group-b-ir-iran-0-2-lebanon
2026-Q-R1-B-06,2026,qualifying,Round 1,B,2025-10-17,"Prince Saud bin Jalawi Stadium, Khobar",KUW,KSA,0,11,,,,Also on Wikipedia oldid 1364402581,https://www.the-afc.com/en/national/afc_u17_womens_asian_cup.html/news/qualifiers-group-b-ir-iran-0-2-lebanon-kuwait-0-11-saudi-arabia
2026-Q-R1-C-01,2026,qualifying,Round 1,C,2025-10-13,"Padaythar Football Stadium, Yangon",IDN,MAC,2,0,,,,Also on Wikipedia oldid 1364402581,https://www.the-afc.com/en/national/afc_u17_womens_asian_cup.html/news/qualifiers-group-c-macau-0-2-indonesia
2026-Q-R1-C-02,2026,qualifying,Round 1,C,2025-10-15,"Thuwunna Stadium, Yangon",MAC,MYA,0,7,,,,Also on Wikipedia oldid 1364402581,https://www.the-afc.com/en/national/afc_u17_womens_asian_cup.html/news/qualifiers-group-c-myanmar-7-0-macau
2026-Q-R1-C-03,2026,qualifying,Round 1,C,2025-10-17,"Thuwunna Stadium, Yangon",IDN,MYA,0,1,,,,Also on Wikipedia oldid 1364402581,https://www.the-afc.com/en/national/afc_u17_womens_asian_cup.html/news/qualifiers-group-c-indonesia-0-1-myanmar
2026-Q-R1-D-01,2026,qualifying,Round 1,D,2025-10-13,"Gò Đậu Stadium, Bình Dương",GUM,VIE,0,5,,,,"Also on Wikipedia oldid 1364402581; Wikipedia gives the city as Ho Chi Minh City, the AFC report is datelined Binh Duong (AFC wins)",https://www.the-afc.com/en/national/afc_u17_womens_asian_cup.html/news/qualifiers-group-d-guam-0-5-vietnam
2026-Q-R1-D-02,2026,qualifying,Round 1,D,2025-10-15,"Gò Đậu Stadium, Bình Dương",HKG,GUM,7,1,,,,"Also on Wikipedia oldid 1364402581; Wikipedia gives the city as Ho Chi Minh City, the AFC report is datelined Binh Duong (AFC wins)",https://www.the-afc.com/en/national/afc_u17_womens_asian_cup.html/news/qualifiers-group-d-hong-kong-china-7-1-guam
2026-Q-R1-D-03,2026,qualifying,Round 1,D,2025-10-17,"Gò Đậu Stadium, Bình Dương",VIE,HKG,1,0,,,,"Also on Wikipedia oldid 1364402581; Wikipedia gives the city as Ho Chi Minh City, the AFC report is datelined Binh Duong (AFC wins)",https://www.the-afc.com/en/national/afc_u17_womens_asian_cup.html/news/qualifiers-group-d-vietnam-1-0-hong-kong-china
2026-Q-R1-E-01,2026,qualifying,Round 1,E,2025-10-13,"Bishan Stadium, Singapore",MNP,AUS,3,0,,,,"Awarded 3–0 to Northern Mariana Islands (AFC disciplinary decision of 21 April 2026: Australia fielded an ineligible player), as in the source's group table; the match was played 0–22, per the AFC match report https://www.the-afc.com/en/national/afc_u17_womens_asian_cup.html/news/qualifiers-group-e-northern-mariana-islands-0-22-australia",https://en.wikipedia.org/w/index.php?title=2026_AFC_U-17_Women%27s_Asian_Cup_qualification&oldid=1364402581
2026-Q-R1-E-02,2026,qualifying,Round 1,E,2025-10-15,"Bishan Stadium, Singapore",SIN,MNP,11,0,,,,Also on Wikipedia oldid 1364402581,https://www.the-afc.com/en/national/afc_u17_womens_asian_cup.html/news/qualifiers-group-e-singapore-11-0-northern-mariana-islands
2026-Q-R1-E-03,2026,qualifying,Round 1,E,2025-10-17,"Bishan Stadium, Singapore",AUS,SIN,11,0,,,,Also on Wikipedia oldid 1364402581,https://www.the-afc.com/en/national/afc_u17_womens_asian_cup.html/news/qualifiers-group-e-australia-11-0-singapore
2026-Q-R1-F-01,2026,qualifying,Round 1,F,2025-10-13,"Chonburi Stadium, Chonburi",TKM,THA,0,17,,,,Also on Wikipedia oldid 1364402581,https://www.the-afc.com/en/national/afc_u17_womens_asian_cup.html/news/qualifiers-group-f-turkmenistan-0-17-thailand
2026-Q-R1-F-02,2026,qualifying,Round 1,F,2025-10-15,"Chonburi Stadium, Chonburi",NEP,TKM,0,0,,,,Also on Wikipedia oldid 1364402581,https://www.the-afc.com/en/national/afc_u17_womens_asian_cup.html/news/qualifiers-group-f-nepal-0-0-turkmenistan
2026-Q-R1-F-03,2026,qualifying,Round 1,F,2025-10-17,"Chonburi Stadium, Chonburi",THA,NEP,12,0,,,,Also on Wikipedia oldid 1364402581,https://www.the-afc.com/en/national/afc_u17_womens_asian_cup.html/news/qualifiers-group-f-thailand-12-0-nepal
2026-Q-R1-G-01,2026,qualifying,Round 1,G,2025-10-13,"Dolen Omurzakov Stadium, Bishkek",KGZ,IND,1,2,,,,Also on Wikipedia oldid 1364402581,https://www.the-afc.com/en/national/afc_u17_womens_asian_cup.html/news/qualifiers-group-g-kyrgyz-republic-1-2-india
2026-Q-R1-G-02,2026,qualifying,Round 1,G,2025-10-15,"Dolen Omurzakov Stadium, Bishkek",UZB,KGZ,1,2,,,,Also on Wikipedia oldid 1364402581,https://www.the-afc.com/en/national/afc_u17_womens_asian_cup.html/news/qualifiers-group-g-uzbekistan-1-2-kyrgyz-republic
2026-Q-R1-G-03,2026,qualifying,Round 1,G,2025-10-17,"Dolen Omurzakov Stadium, Bishkek",IND,UZB,2,1,,,,Also on Wikipedia oldid 1364402581,https://www.the-afc.com/en/national/afc_u17_womens_asian_cup.html/news/qualifiers-group-g-india-2-1-uzbekistan
2026-Q-R1-H-01,2026,qualifying,Round 1,H,2025-10-13,"Aqaba Stadium, Aqaba",JOR,BAN,1,1,,,,Also on Wikipedia oldid 1364402581,https://www.the-afc.com/en/national/afc_u17_womens_asian_cup.html/news/qualifiers-group-h-jordan-1-1-bangladesh
2026-Q-R1-H-02,2026,qualifying,Round 1,H,2025-10-15,"Aqaba Stadium, Aqaba",TPE,JOR,6,1,,,,Also on Wikipedia oldid 1364402581,https://www.the-afc.com/en/national/afc_u17_womens_asian_cup.html/news/qualifiers-group-h-chinese-taipei-6-1-jordan
2026-Q-R1-H-03,2026,qualifying,Round 1,H,2025-10-17,"Aqaba Stadium, Aqaba",BAN,TPE,0,5,,,,Also on Wikipedia oldid 1364402581,https://www.the-afc.com/en/national/afc_u17_womens_asian_cup.html/news/qualifiers-group-h-bangladesh-0-5-chinese-taipei
2027-Q-R1-A-01,2027,qualifying,Round 1,A,2026-10-05,"TALCO Arena, Tursonzoda",KOR,UAE,16,0,,,,Also on Wikipedia oldid 1378683887,https://www.the-afc.com/en/national/afc_u17_womens_asian_cup.html/news/qualifiers-group-a-korea-republic-16-0-uae
2027-Q-R1-A-02,2027,qualifying,Round 1,A,2026-10-05,"TALCO Arena, Tursonzoda",JOR,TJK,1,1,,,,Also on Wikipedia oldid 1378683887,https://www.the-afc.com/en/national/afc_u17_womens_asian_cup.html/news/qualifiers-group-a-korea-republic-16-0-uae
2027-Q-R1-B-01,2027,qualifying,Round 1,B,2026-10-05,"Bishan Stadium, Singapore",IDN,BHR,2,0,,,,Also on Wikipedia oldid 1378683887,https://www.the-afc.com/en/national/afc_u17_womens_asian_cup.html/news/qualifiers-group-b-indonesia-2-0-bahrain-singapore-1-0-saudi-arabia
2027-Q-R1-B-02,2027,qualifying,Round 1,B,2026-10-05,"Bishan Stadium, Singapore",SIN,KSA,1,0,,,,Also on Wikipedia oldid 1378683887,https://www.the-afc.com/en/national/afc_u17_womens_asian_cup.html/news/qualifiers-group-b-indonesia-2-0-bahrain-singapore-1-0-saudi-arabia
2027-Q-R1-C-01,2027,qualifying,Round 1,C,2026-10-05,"New Laos National Stadium, Vientiane",CAM,TPE,0,12,,,,Also on Wikipedia oldid 1378683887,https://www.the-afc.com/en/national/afc_u17_womens_asian_cup.html/news/qualifiers-group-c-cambodia-0-12-chinese-taipei
2027-Q-R1-D-01,2027,qualifying,Round 1,D,2026-10-05,"Bà Rịa Stadium, Ho Chi Minh City",KGZ,MNP,18,0,,,,Also on Wikipedia oldid 1378683887,https://www.the-afc.com/en/national/afc_u17_womens_asian_cup.html/news/qualifiers-group-d-kyrgyz-republic-18-0-n-mariana-islands-vietnam-6-0-palestine
2027-Q-R1-D-02,2027,qualifying,Round 1,D,2026-10-05,"Bà Rịa Stadium, Ho Chi Minh City",VIE,PLE,6,0,,,,Also on Wikipedia oldid 1378683887,https://www.the-afc.com/en/national/afc_u17_womens_asian_cup.html/news/qualifiers-group-d-kyrgyz-republic-18-0-n-mariana-islands-vietnam-6-0-palestine
2027-Q-R1-E-01,2027,qualifying,Round 1,E,2026-10-05,"MP Selayang Stadium, Selayang",IND,IRQ,14,0,,,,Also on Wikipedia oldid 1378683887,https://www.the-afc.com/en/national/afc_u17_womens_asian_cup.html/news/qualifiers-group-e-india-14-0-iraq-malaysia-1-0-syria
2027-Q-R1-E-02,2027,qualifying,Round 1,E,2026-10-05,"MP Selayang Stadium, Selayang",MAS,SYR,1,0,,,,Also on Wikipedia oldid 1378683887,https://www.the-afc.com/en/national/afc_u17_womens_asian_cup.html/news/qualifiers-group-e-india-14-0-iraq-malaysia-1-0-syria
2027-Q-R1-F-01,2027,qualifying,Round 1,F,2026-10-05,"Chonburi Stadium, Chonburi",LBN,MAC,6,0,,,,Also on Wikipedia oldid 1378683887,https://www.the-afc.com/en/national/afc_u17_womens_asian_cup.html/news/qualifiers-group-f-lebanon-6-0-macau-china-thailand-4-0-bhutan
2027-Q-R1-F-02,2027,qualifying,Round 1,F,2026-10-05,"Chonburi Stadium, Chonburi",THA,BHU,4,0,,,,Also on Wikipedia oldid 1378683887,https://www.the-afc.com/en/national/afc_u17_womens_asian_cup.html/news/qualifiers-group-f-lebanon-6-0-macau-china-thailand-4-0-bhutan
2027-Q-R1-G-01,2027,qualifying,Round 1,G,2026-10-05,"Thuwunna Stadium, Yangon",GUM,MYA,0,9,,,,Also on Wikipedia oldid 1378683887,https://www.the-afc.com/en/national/afc_u17_womens_asian_cup.html/news/qualifiers-group-g-guam-0-9-myanmar-1
2027-Q-R1-H-01,2027,qualifying,Round 1,H,2026-10-05,"Do'stlik Stadium Training Pitch 1, Tashkent",UZB,PHI,0,4,,,,Also on Wikipedia oldid 1378683887,https://www.the-afc.com/en/national/afc_u17_womens_asian_cup.html/news/qualifiers-group-h-uzbekistan-0-4-philippines
2027-Q-R1-A-03,2027,qualifying,Round 1,A,2026-10-08,"TALCO Arena, Tursonzoda",UAE,JOR,0,6,,,,Also on Wikipedia oldid 1379198219,https://www.the-afc.com/en/national/afc_u17_womens_asian_cup.html/news/qualifiers-group-a-uae-0-6-jordan
2027-Q-R1-B-03,2027,qualifying,Round 1,B,2026-10-08,"Bishan Stadium, Singapore",KSA,IDN,1,3,,,,Also on Wikipedia oldid 1379198219,https://www.the-afc.com/en/national/afc_u17_womens_asian_cup.html/news/qualifiers-group-b-saudi-arabia-1-3-indonesia
2027-Q-R1-B-04,2027,qualifying,Round 1,B,2026-10-08,"Bishan Stadium, Singapore",BHR,SIN,0,4,,,,Also on Wikipedia oldid 1379198219,https://www.the-afc.com/en/national/afc_u17_womens_asian_cup.html/news/qualifiers-group-b-saudi-arabia-1-3-indonesia
2027-Q-R1-C-02,2027,qualifying,Round 1,C,2026-10-08,"New Laos National Stadium, Vientiane",LAO,CAM,3,1,,,,Also on Wikipedia oldid 1379198219,https://www.the-afc.com/en/national/afc_u17_womens_asian_cup.html/news/qualifiers-group-c-laos-3-1-cambodia
2027-Q-R1-D-03,2027,qualifying,Round 1,D,2026-10-08,"Bà Rịa Stadium, Ho Chi Minh City",PLE,KGZ,1,2,,,,Also on Wikipedia oldid 1379198219,https://www.the-afc.com/en/national/afc_u17_womens_asian_cup.html/news/qualifiers-group-d-palestine-1-2-kyrgyz-republic-n-mariana-islands-0-20-vietnam
2027-Q-R1-D-04,2027,qualifying,Round 1,D,2026-10-08,"Bà Rịa Stadium, Ho Chi Minh City",MNP,VIE,0,20,,,,Also on Wikipedia oldid 1379198219,https://www.the-afc.com/en/national/afc_u17_womens_asian_cup.html/news/qualifiers-group-d-palestine-1-2-kyrgyz-republic-n-mariana-islands-0-20-vietnam
2027-Q-R1-E-03,2027,qualifying,Round 1,E,2026-10-08,"MP Selayang Stadium, Selayang",SYR,IND,0,2,,,,Also on Wikipedia oldid 1379198219,https://www.the-afc.com/en/national/afc_u17_womens_asian_cup.html/news/qualifiers-group-e-syria-0-2-india
2027-Q-R1-F-03,2027,qualifying,Round 1,F,2026-10-08,"Chonburi Stadium, Chonburi",BHU,LBN,0,5,,,,Also on Wikipedia oldid 1379198219,https://www.the-afc.com/en/national/afc_u17_womens_asian_cup.html/news/qualifiers-group-f-bhutan-0-5-lebanon
2027-Q-R1-G-02,2027,qualifying,Round 1,G,2026-10-08,"Thuwunna Stadium, Yangon",HKG,GUM,9,0,,,,Also on Wikipedia oldid 1379198219,https://www.the-afc.com/en/national/afc_u17_womens_asian_cup.html/news/qualifiers-group-g-hong-kong-china-9-0-guam
2027-Q-R1-H-02,2027,qualifying,Round 1,H,2026-10-08,"Do'stlik Stadium Training Pitch 1, Tashkent",BAN,UZB,2,1,,,,Also on Wikipedia oldid 1379198219,https://www.the-afc.com/en/national/afc_u17_womens_asian_cup.html/news/qualifiers-group-h-bangladesh-2-1-uzbekistan
